GEOID10,nitr_mean,canrate,predicted_cancer,residual
55037190100,3.246633537104841,0.03,0.0850010728067871,-0.05500107280678711
55037190200,2.89887963811742,0.11,0.0841703153833907,0.025829684616609297
55019950300,4.671277379958937,0.09,0.08840443780598105,0.0015955621940189485
55019950700,4.365397038643975,0.01,0.08767371310394795,-0.07767371310394795
55019950600,3.733520393471423,0.13,0.08616420820644313,0.04383579179355687
55019950800,4.460174336487364,0.28,0.08790012880764562,0.1920998711923544
55019950200,5.144490215210931,0.14,0.08953490701675551,0.0504650929832445
55019950500,5.136950867876207,0.1,0.08951689609355917,0.010483103906440833
55019950400,4.922941870829529,0.15,0.08900564499475676,0.060994355005243237
55019950100,5.344400506651578,0.05,0.09001247738796121,-0.04001247738796121
55031990000,1.940362075622985,0.07,0.08188049035823153,-0.011880490358231521
55031020900,0.033675600027745,0.01,0.07732556243850874,-0.06732556243850875
55049950600,6.179992655244638,0.15,0.0920086430165759,0.0579913569834241
55049950400,7.778286154870896,0.13,0.09582684374256906,0.03417315625743095
55049950300,5.424746347097693,0.52,0.09020441744552488,0.42979558255447514
55031020800,0.456647496736279,0.02,0.07833600989604071,-0.05833600989604071
55031020700,0.865742179665965,0.04,0.0793133057529827,-0.039313305752982704
55031030200,1.2196198134641,0.11,0.08015869230970507,0.02984130769029493
55031030300,2.049311463582521,0.54,0.08214076209949862,0.4578592379005014
55031030100,1.52898306535192,0.16,0.08089773741827236,0.07910226258172764
55031021000,0.690446111300369,0.01,0.0788945368750177,-0.0688945368750177
55059002300,4.900708972212092,0.01,0.08895253230321301,-0.07895253230321302
55059002200,4.700958045802357,0.01,0.08847534264285725,-0.07847534264285726
55059002100,4.713703306731831,0.01,0.08850579009480852,-0.07850579009480853
55059001800,4.607668910653893,0.01,0.08825248204583022,-0.07825248204583023
55059001700,4.721171909407523,0.01,0.08852363201443414,-0.07852363201443414
55059001300,5.400025149734915,0.01,0.09014536039890605,-0.08014536039890606
55059001200,4.848173355799705,0.01,0.08882702874033599,-0.078827028740336
55059001100,4.711331423286997,0.01,0.08850012384696784,-0.07850012384696785
55059000900,4.750952265234158,0.01,0.08859477500304304,-0.07859477500304304
55059000800,4.959472400036242,0.01,0.08909291363044264,-0.07909291363044264
55047100600,3.700492560318554,0.44,0.08608530724328978,0.3539146927567102
55047100500,4.208939972928227,0.28,0.0872999491600651,0.1927000508399349
55047100400,2.647228400019316,0.28,0.08356913985447319,0.19643086014552685
55047100300,2.925359273489052,0.49,0.08423357320369945,0.40576642679630054
55015020800,0.568416285289709,0.01,0.0786030169693335,-0.0686030169693335
55015020700,1.12038058581932,0.01,0.0799216173975385,-0.06992161739753851
55047100200,2.078872550423359,0.01,0.08221138127129857,-0.07221138127129857
55047100100,1.816510050981478,0.08,0.08158461735961613,-0.001584617359616125
55015020308,0.848366097731924,0.03,0.07927179562441684,-0.049271795624416845
55015020304,0.620410534870745,0.01,0.0787272272483243,-0.06872722724832431
55015020306,1.41777473957482,0.14,0.08063206924761541,0.0593679307523846
55061960500,2.780053788986948,0.14,0.08388644953301791,0.056113550466982104
55051180300,1.110409632724664,0.11,0.07989779755446602,0.03010220244553398
55061960400,2.53134789404366,0.24,0.0832923102032557,0.1567076897967443
55051180100,1.77377985533713,0.01,0.08148253819576466,-0.07148253819576467
55061960200,2.998257967475287,0.14,0.08440772259889331,0.0555922774011067
55051180200,1.385357620377211,0.12,0.08055462723331462,0.039445372766685374
55051990000,1.566561287931122,0.05,0.08098750891316175,-0.03098750891316175
55057100300,4.170712507972808,0.09,0.08720862667487712,0.002791373325122873
55057100500,4.329581854679086,0.01,0.0875881533732425,-0.0775881533732425
55057100600,4.448248146880103,0.08,0.08787163805433441,-0.007871638054334412
55055101702,3.368990275089621,0.26,0.08529337368013289,0.1747066263198671
55055100300,3.674744890994539,0.05,0.08602379803379316,-0.03602379803379316
55055100200,3.364941004081301,0.01,0.08528370028190702,-0.07528370028190702
55055100100,3.486577074498182,0.02,0.08557427953564313,-0.06557427953564313
55055100400,4.566782550403557,0.39,0.08815480766347958,0.3018451923365204
55061960100,2.864987854852471,0.01,0.08408935050960646,-0.07408935050960647
55057100200,4.041904890566244,0.11,0.08690091514479195,0.02309908485520805
55057100400,4.258281047474699,0.04,0.087417821207157,-0.047417821207157006
55057100700,4.623820464467147,0.13,0.08829106687052612,0.04170893312947388
55057100100,3.503596573304391,0.38,0.0856149378144343,0.2943850621855657
55055101100,4.896372084975524,0.03,0.088942171811852,-0.058942171811852004
55055101202,5.548793012189062,0.07,0.09050075542526367,-0.020500755425263667
55055101500,5.270224505982465,0.02,0.0898352766049559,-0.06983527660495589
55055101400,5.52298008753265,0.01,0.09043909032577714,-0.08043909032577715
55055101300,5.418633079970262,0.01,0.09018981331869234,-0.08018981331869235
55055100900,4.811357596596218,0.47,0.08873907871203918,0.3812609212879608
55055101701,3.923002157647235,0.18,0.08661686562493838,0.09338313437506161
55055100800,3.704010238153345,0.35,0.08609371070614921,0.26390628929385074
55055101600,5.916010695875524,0.33,0.09137801033919346,0.23862198966080655
55055100601,5.542055746508499,0.14,0.09048466061369198,0.04951533938630803
55055101000,4.655974886624821,0.01,0.08836788132172363,-0.07836788132172363
55055100700,4.363236043620438,0.22,0.08766855065238967,0.13233144934761032
55055100602,5.404722612359271,0.27,0.09015658227724495,0.17984341772275508
55055101201,6.239146349315837,0.27,0.09214995665997158,0.17785004334002844
55055100500,4.922324773593948,0.04,0.08900417079673652,-0.04900417079673652
55063001200,3.903336823618037,0.0,0.08656988664849585,-0.08656988664849585
55063001000,4.372342700116029,0.01,0.08769030575710039,-0.0776903057571004
55015020600,2.936240344114484,0.14,0.08425956724782922,0.05574043275217079
55015020500,1.976801676647667,0.11,0.0819675417734565,0.028032458226543502
55015020200,1.897529350625653,0.35,0.08177816625961051,0.26822183374038944
55063001101,3.97039245317343,0.01,0.08673007741039922,-0.07673007741039922
55063000800,4.644146909696804,0.01,0.08833962519097908,-0.07833962519097909
55063000500,4.874668439061824,0.0,0.08889032346447165,-0.08889032346447165
55063000600,4.994899358958923,0.01,0.08917754592126402,-0.07917754592126403
55063000100,4.719404083248853,0.02,0.08851940881317352,-0.06851940881317352
55063010600,4.377643585315301,0.12,0.0877029691657428,0.032297030834257195
55063000400,4.617962621281281,0.02,0.08827707293192207,-0.06827707293192206
55063010203,4.456679770179012,0.06,0.08789178055645228,-0.027891780556452278
55063010300,4.638586961939914,0.03,0.0883263429017332,-0.058326342901733205
55063010402,4.406169702180856,0.02,0.08777111587356042,-0.06777111587356041
55083101200,2.454280909090651,0.05,0.0831082030802733,-0.03310820308027329
55083100800,2.546732656743493,0.06,0.0833290632227252,-0.023329063222725197
55083100700,2.454182392732575,0.05,0.08310796773224115,-0.033107967732241145
55083100500,2.705852303391412,0.19,0.08370918786847577,0.10629081213152423
55083100600,2.126458048446857,0.17,0.08232505938057108,0.08767494061942893
55083100300,2.860559826456159,0.25,0.08407877228899711,0.16592122771100287
55083101300,2.197565420475372,0.11,0.0824949294448404,0.027505070555159605
55083101100,2.282410994090592,0.12,0.08269761902022232,0.03730238097977767
55083101000,1.96480018086001,0.05,0.0819388711194495,-0.0319388711194495
55083100900,2.229044812147425,0.04,0.08257013129992156,-0.042570131299921564
55083990000,2.16016494492606,0.13,0.08240558257398829,0.04759441742601171
55093960400,5.836421079959723,0.0,0.09118787684409867,-0.09118787684409867
55093960600,5.123053202600319,0.09,0.08948369563590956,0.0005163043640904336
55093960700,5.232502075482468,0.07,0.08974516060839144,-0.019745160608391432
55015020400,2.182762947793168,0.32,0.08245956747161402,0.23754043252838597
55015020100,2.103537648734917,0.12,0.08227030430158175,0.03772969569841825
55063001102,3.934034804852293,0.01,0.08664322177390466,-0.07664322177390466
55063010500,4.400933473996388,0.01,0.08775860692557304,-0.07775860692557304
55063000200,4.773550405838513,0.02,0.08864876022971249,-0.06864876022971249
55063000900,4.309934514662157,0.03,0.08754121738311677,-0.057541217383116766
55063000700,4.484460768929833,0.01,0.087958147234177,-0.077958147234177
55063010401,4.319246385879222,0.1,0.08756346273007568,0.01243653726992433
55063010700,4.259142117766663,0.25,0.08741987823811827,0.16258012176188175
55063000300,4.73148170602616,0.02,0.08854826132872674,-0.06854826132872674
55063010201,4.491983946879641,0.41,0.08797611952995148,0.3220238804700485
55063010102,4.038078867075033,0.02,0.08689177506778155,-0.06689177506778154
55063010202,4.517538970531608,0.3,0.08803716852369609,0.2119628314763039
55093960300,5.809558264161872,0.01,0.09112370363510698,-0.08112370363510699
55093960100,4.858109786643696,0.07,0.08885076611239637,-0.01885076611239636
55093960800,5.124923751971222,0.14,0.08948816423505462,0.05051183576494539
55093960200,5.300134762392178,0.14,0.08990672991610614,0.05009327008389387
55093960500,5.529284365619373,0.08,0.09045415076315814,-0.010454150763158143
55085970602,1.524918336693857,0.24,0.08088802709290546,0.15911197290709453
55085970601,2.336052912958833,0.03,0.082825765454913,-0.05282576545491301
55085971001,2.578520377506362,0.28,0.08340500165238335,0.19659499834761668
55085970101,1.922812079708225,0.07,0.08183856476248921,-0.011838564762489207
55085971002,1.889911268560713,0.19,0.08175996724517554,0.10824003275482447
55085970102,2.453143318280855,0.46,0.08310548546297905,0.37689451453702094
55085970800,1.111453128332664,0.06,0.07990029038553176,-0.01990029038553176
55085971400,2.664384295706099,0.01,0.08361012397496273,-0.07361012397496274
55085971100,2.627150508655952,0.03,0.08352117531016519,-0.05352117531016519
55085970900,1.453974782540679,0.11,0.0807185483769903,0.0292814516230097
55085971500,2.577913464971798,0.0,0.08340355178483361,-0.08340355178483361
55023960500,4.395428025340422,0.01,0.08774545483050411,-0.07774545483050412
55011960200,4.948488049149145,0.01,0.08906667285768,-0.07906667285768
55023960200,4.184974650978604,0.15,0.08724269784190102,0.06275730215809898
55023960400,4.35022745237861,0.14,0.08763747412449582,0.05236252587550419
55023960300,4.519294265639783,0.16,0.08804136178923706,0.07195863821076294
55023960100,4.266347748911707,0.11,0.08743709193890331,0.02256290806109669
55011960400,4.664840033859358,0.02,0.08838905947931161,-0.0683890594793116
55023960600,4.200568205499547,0.0,0.08727994964903568,-0.08727994964903568
55011960100,4.757901028727129,0.12,0.0886113750666858,0.031388624933314194
55011960300,5.030167799485393,0.1,0.0892617995237809,0.010738200476219109
55085970500,2.518300271655697,0.03,0.0832611404329439,-0.0532611404329439
55085970400,2.740816478683676,0.03,0.08379271460465776,-0.05379271460465776
55085971300,0.802952061414028,0.03,0.07916330497080422,-0.04916330497080422
55095960600,3.249681916896995,0.06,0.08500835515257543,-0.025008355152575434
55095961000,4.482697937035581,0.06,0.08795393596383146,-0.02795393596383146
55059002906,4.609418205556401,0.05,0.08825666097733954,-0.03825666097733954
55059000700,5.042593259634314,0.01,0.08929148299616722,-0.07929148299616723
55059000500,4.764391095269426,0.01,0.088626879338454,-0.07862687933845401
55059000400,5.1580491423956,0.01,0.0895672982550558,-0.0795672982550558
55059002700,4.504405252818833,0.18,0.08800579307824902,0.09199420692175098
55059002800,4.50041713015615,0.39,0.08799626575873633,0.3020037342412637
55059002000,4.693094352299015,0.03,0.08845655688151213,-0.058456556881512134
55011960500,4.612378408486705,0.12,0.0882637326753601,0.0317362673246399
55095961100,4.622745269815585,0.17,0.08828849831287376,0.08171150168712625
55095960200,2.426581949920844,0.07,0.0830420323888226,-0.013042032388822594
55095960800,4.434832300572667,0.08,0.08783958862528847,-0.007839588625288468
55095960100,2.710795150774,0.2,0.08372099595220324,0.11627900404779677
55095960700,3.335307793289645,0.07,0.08521290881151396,-0.01521290881151395
55095960500,3.849162080657975,0.06,0.08644046733786925,-0.026440467337869256
55095960300,3.055187721664492,0.13,0.08454372342028606,0.04545627657971395
55095960900,4.658186499867838,0.12,0.0883731646963304,0.031626835303669595
55059001900,4.505243035842622,0.01,0.08800779447771064,-0.07800779447771064
55059001000,4.505161815955194,0.02,0.0880076004496218,-0.0680076004496218
55059000300,4.49695198552263,0.01,0.08798798779367017,-0.07798798779367018
55059000100,3.764972268848449,0.02,0.08623934432720348,-0.06623934432720348
55059003001,4.974956264375686,0.06,0.08912990339613702,-0.029129903396137025
55059003002,4.729574661700039,0.07,0.08854370554592952,-0.018543705545929517
55059002903,4.983462709483761,0.07,0.08915022464182491,-0.019150224641824906
55059002904,5.330840276204968,0.07,0.08998008303626799,-0.019980083036267984
55059002905,4.736907780466639,0.03,0.0885612238048757,-0.0585612238048757
55059002602,4.942009931497189,0.11,0.08905119713089543,0.02094880286910457
55059002601,4.761794768811845,0.02,0.08862067691345035,-0.06862067691345035
55059000602,4.599505039614665,0.01,0.08823297918334834,-0.07823297918334834
55059000601,4.321207981157918,0.11,0.08756814883091946,0.022431851169080544
55059002500,5.498934060200458,0.01,0.0903816462086369,-0.0803816462086369
55059002400,5.094773288765563,0.01,0.08941613708827101,-0.07941613708827101
55059001500,4.809743449724145,0.01,0.08873522263882093,-0.07873522263882093
55059001400,5.302808767874978,0.01,0.08991311791035009,-0.07991311791035009
55033970800,4.452244387616711,0.01,0.08788118476730379,-0.0778811847673038
55033970700,4.347570895742415,0.01,0.08763112781420968,-0.07763112781420968
55033970100,4.398949655328834,0.26,0.08775386773475578,0.1722461322652442
55033970600,4.46102405688365,0.15,0.08790215872457563,0.062097841275424365
55141011500,1.790733364531373,0.07,0.08152303883042827,-0.011523038830428267
55141011400,1.016963609832734,0.01,0.07967456216463896,-0.06967456216463896
55141011300,0.60730090261693,0.02,0.07869590934119353,-0.05869590934119352
55141010700,1.218080395237312,0.36,0.08015501475749548,0.2798449852425045
55141010500,1.848547988194479,0.01,0.08166115353720467,-0.07166115353720467
55141010400,1.968683542093663,0.01,0.08194814817193397,-0.07194814817193397
55141011100,2.51419939289241,0.12,0.08325134374774505,0.036748656252254944
55141011000,2.680634616866433,0.06,0.08364894474728428,-0.02364894474728428
55141010900,1.26229214025735,0.4,0.08026063322930457,0.3197393667706955
55141010100,1.542193202381716,0.42,0.08092929542361334,0.33907070457638666
55035001700,5.233081482090546,0.01,0.08974654476639003,-0.07974654476639004
55035000801,5.680066267857526,0.01,0.09081435717626499,-0.08081435717626499
55035001101,5.190615709352014,0.01,0.08964509728860323,-0.07964509728860324
55035000700,5.430355172952884,0.01,0.09021781650080306,-0.08021781650080306
55035001200,4.937998174037302,0.02,0.08904161334966287,-0.06904161334966287
55035000600,4.872413217493755,0.02,0.08888493591291714,-0.06888493591291714
55035000400,6.340602089846954,0.06,0.09239232665161747,-0.03239232665161747
55133204003,3.172627910713014,0.2,0.08482427903487792,0.11517572096512209
55133203901,4.528140014547486,0.07,0.08806249360570835,-0.018062493605708344
55133203703,2.374765922389234,0.11,0.08291824786865434,0.027081752131345657
55133203305,2.449098449048158,0.07,0.08309582258025792,-0.013095822580257918
55133202901,1.967313467417899,0.03,0.08194487516849443,-0.05194487516849443
55133202103,2.862271876478881,0.04,0.08408286224534195,-0.04408286224534195
55133202101,2.603247930841878,0.12,0.08346407388293411,0.03653592611706588
55133201703,2.391670055690628,0.08,0.0829586305480926,-0.002958630548092603
55035001400,4.948866077541485,0.0,0.08906757593854871,-0.08906757593854871
55035000802,5.339153781686649,0.01,0.08999994336396946,-0.07999994336396947
55035000803,5.667803322605541,0.03,0.09078506193951723,-0.06078506193951723
55035001600,5.350646275977408,0.42,0.09002739805239478,0.3299726019476052
55035000301,4.77864340218906,0.08,0.08866092700782158,-0.008660927007821576
55035000200,5.221812788408553,0.54,0.08971962472047379,0.45028037527952625
55035001300,5.445209314864261,0.05,0.09025330190785957,-0.04025330190785957
55035000900,5.242124437170573,0.01,0.08976814769329912,-0.07976814769329912
55035000302,5.232155385686435,0.22,0.08974433239302848,0.13025566760697152
55035001500,5.383084467156426,0.14,0.09010489040604484,0.04989510959395517
55133201403,2.216924649590101,0.05,0.08254117716009284,-0.03254117716009283
55133200804,2.405411129016825,0.06,0.08299145691957087,-0.02299145691957087
55133204302,2.884476073736668,0.01,0.0841359063715363,-0.0741359063715363
55133204004,3.081262706175314,0.48,0.08460601456068846,0.39539398543931153
55133204301,3.081709967518903,0.05,0.08460708303377379,-0.034607083033773786
55133204502,2.706664957071857,0.13,0.08371112923586128,0.04628887076413872
55133204501,3.05199491212406,0.3,0.0845360960428938,0.21546390395710618
55133203704,2.195086950617338,0.1,0.08248900857022412,0.017510991429775885
55133203902,4.016615740518741,0.08,0.08684050130271995,-0.006840501302719945
55133202102,2.704280177010566,0.14,0.08370543217899189,0.056294567821008126
55035000501,5.73604805186896,0.01,0.09094809336952664,-0.08094809336952664
55035000502,5.234665876985302,0.0,0.08975032976441376,-0.08975032976441376
55133201704,2.131827424782255,0.17,0.08233788640929061,0.0876621135907094
55133202902,2.12428219450913,0.03,0.08231986143220514,-0.05231986143220514
55133201404,2.549618471745476,0.03,0.08333595721368382,-0.053335957213683824
55133203303,2.604473690534338,0.03,0.08346700212893444,-0.053467002128934446
55133203304,2.222913374247498,0.13,0.0825554837645056,0.04744451623549441
55133200803,2.216703758942106,0.02,0.08254064946925711,-0.06254064946925711
55133200201,2.03761033137903,0.05,0.08211280899108346,-0.03211280899108346
55133201402,2.323575591976542,0.02,0.08279595809096879,-0.06279595809096879
55133200102,1.792637516056484,0.04,0.08152758770254549,-0.04152758770254549
55133200103,1.817506230033265,0.02,0.08158699715505398,-0.061586997155053974
55133200600,1.877342063656585,0.01,0.08172994037758124,-0.07172994037758125
55133201701,2.16380621371045,0.04,0.08241428128615808,-0.042414281286158075
55133200901,1.118347250799619,0.04,0.0799167599159494,-0.0399167599159494
55119960500,4.967612589948551,0.0,0.0891123599205265,-0.0891123599205265
55119960400,4.658292310914842,0.07,0.08837341747081555,-0.018373417470815542
55119960600,5.369258823102188,0.02,0.09007186200157623,-0.07007186200157622
55119960200,3.826066557456633,0.23,0.08638529390227986,0.14361470609772015
55119960100,4.509285395385868,0.11,0.08801745136497593,0.021982548635024066
55119960300,4.179962823473154,0.12,0.08723072496994455,0.032769275030055445
55133201504,2.193610436152291,0.04,0.0824854812902823,-0.0424854812902823
55133201506,2.744167954916739,0.06,0.08380072102462331,-0.023800721024623314
55133200902,1.81717990452116,0.05,0.08158621758840523,-0.03158621758840523
55133201800,2.445415045023387,0.05,0.08308702321022683,-0.03308702321022683
55133202800,2.284491973900459,0.04,0.08270259032156509,-0.042702590321565086
55001950501,4.365004191406276,0.07,0.08767277462199295,-0.017672774621992945
55001950201,4.759699361272534,0.05,0.08861567114536725,-0.03861567114536725
55001950502,4.555085432406571,0.11,0.08812686414469621,0.021873135855303788
55001950202,4.184317872101595,0.22,0.0872411288474794,0.1327588711525206
55001950100,3.762011740591749,0.12,0.08623227185200309,0.0337677281479969
55001950700,5.304177425867509,0.19,0.08991638752944191,0.1000836124705581
55001950400,4.454668346340609,0.14,0.08788697541899669,0.05211302458100332
55133200700,1.732855361211262,0.08,0.0813847727145068,-0.0013847727145067934
55133200801,2.196825968925069,0.02,0.08249316295173581,-0.062493162951735806
55133202302,2.313532466185572,0.04,0.08277196583285393,-0.04277196583285393
55133201600,2.743823951283713,0.2,0.08379989922629799,0.11620010077370202
55133202002,2.773813441311419,0.22,0.08387154182049157,0.13612845817950842
55133201505,3.435073181017808,0.04,0.08545124067981083,-0.04545124067981083
55133202400,2.042343463436262,0.01,0.08212411608096487,-0.07212411608096488
55133201503,2.415712667591978,0.04,0.08301606650603023,-0.04301606650603023
55101001504,2.575109242651303,0.02,0.08339685271254027,-0.06339685271254027
55101002001,2.711413293405816,0.01,0.083722472647595,-0.073722472647595
55101001801,3.29258678802516,0.09,0.08511085160277591,0.004889148397224083
55101001705,2.159532411200785,0.03,0.08240407149937676,-0.05240407149937676
55133200500,1.990154191386684,0.04,0.0819994399082373,-0.0419994399082373
55133203402,1.987303485419476,0.03,0.08199262979007306,-0.05199262979007306
55133200202,2.057058660238336,0.06,0.08215926955879979,-0.022159269558799793
55133203404,2.121510239561679,0.06,0.08231323944419403,-0.022313239444194027
55133203000,2.19106089133964,0.01,0.08247939062304446,-0.07247939062304447
55133203103,2.412458674412412,0.01,0.08300829296561134,-0.07300829296561134
55113100500,1.839939900010079,0.16,0.08164058947399426,0.07835941052600574
55113940000,1.30115803611825,0.1,0.08035348087701581,0.019646519122984193
55113100800,1.680335131536856,0.19,0.08125930590936804,0.10874069409063196
55113100700,1.844242370689108,0.09,0.08165086774683594,0.008349132253164054
55113100400,2.122844832731078,0.04,0.08231642768503307,-0.04231642768503307
55113100300,1.900733069437125,0.03,0.08178581969841553,-0.05178581969841553
55125950600,0.506522796868901,0.49,0.07845515816713113,0.4115448418328689
55125940000,1.057889284056802,0.2,0.07977233046506102,0.12022766953493899
55125950700,0.731327686919374,0.09,0.07899219982725064,0.011007800172749355
55125950200,1.994596668354658,0.3,0.08201005264537745,0.21798994735462254
55125950500,0.602396091559149,0.05,0.07868419212333207,-0.028684192123332064
55101002701,2.509070583680848,0.04,0.08323909141545462,-0.043239091415454615
55101002702,3.599113309290102,0.14,0.08584311997920592,0.05415688002079409
55101002002,1.817962524088869,0.2,0.08158808720659631,0.1184119127934037
55101001802,2.373258088734609,0.25,0.08291464576956797,0.16708535423043203
55101001706,2.328698948840711,0.01,0.082808197398019,-0.07280819739801901
55101001505,2.645970597736156,0.0,0.08356613506117844,-0.08356613506117844
55133203802,3.815302210736921,0.47,0.08635957870261869,0.3836404212973813
55133203602,2.681858637029922,0.08,0.08365186883768316,-0.0036518688376831615
55133203702,2.127152957485399,0.29,0.08232671946502747,0.20767328053497253
55133201300,2.466906236915182,0.15,0.08313836402122488,0.06686163597877512
55133203102,2.514770854186878,0.03,0.08325270892499811,-0.053252708924998116
55133203804,2.285190498427376,0.3,0.08270425904314621,0.21729574095685378
55133200400,2.079471397258082,0.26,0.08221281187050931,0.17778718812949068
55133203101,2.465875434141941,0.04,0.08313590151236898,-0.04313590151236898
55133203803,2.277149083391974,0.19,0.08268504871867616,0.10731495128132384
55101002800,3.359225530926586,0.26,0.08527004645440048,0.17472995354559953
55101001900,1.464691792059182,0.29,0.08074415049170428,0.2092558495082957
55101001302,2.556915963134812,0.01,0.0833533903615551,-0.07335339036155511
55101001301,2.534791776316684,0.01,0.08330053737417153,-0.07330053737417154
55101001003,2.592519870627485,0.01,0.08343844536895426,-0.07343844536895426
55101001002,2.621573807301791,0.01,0.08350785299785891,-0.07350785299785892
55101000700,2.60071787402795,0.01,0.08345802977103225,-0.07345802977103226
55101000500,2.4615432870141,0.01,0.0831255523447646,-0.0731255523447646
55133202500,2.318916505106639,0.03,0.08278482788936734,-0.052784827889367336
55133204200,2.615716352179767,0.07,0.08349385998630965,-0.013493859986309642
55133202202,2.479136234343305,0.06,0.08316758054814553,-0.023167580548145536
55133203601,2.818013200599539,0.08,0.08397713165930533,-0.003977131659305327
55133202301,2.499187414641434,0.04,0.08321548128176501,-0.04321548128176501
55133202201,2.57607601915473,0.04,0.0833991622675426,-0.0433991622675426
55133203500,2.843439033435383,0.38,0.08403787202608747,0.2959621279739125
55133201203,2.161993559647903,0.07,0.08240995099446935,-0.012409950994469343
55131420401,1.121638392309892,0.01,0.07992462220088443,-0.06992462220088444
55131440105,1.879186173563483,0.22,0.08173434581487232,0.13826565418512768
55131440103,2.666644312915713,0.18,0.08361552298293749,0.0963844770170625
55131470203,1.711864938014516,0.03,0.08133462820155754,-0.05133462820155754
55131470204,1.455415904459079,0.09,0.08072199110684959,0.009278008893150405
55131440104,3.060132424322246,0.08,0.08455553593612378,-0.004555535936123775
55131440106,3.297644617637536,0.47,0.08512293437024161,0.3848770656297584
55121100800,5.016550468880707,0.16,0.08922926876418445,0.07077073123581555
55121100100,4.764520199761884,0.2,0.08862718775919584,0.11137281224080417
55121100700,4.798300447248524,0.21,0.08870788618255042,0.12129211381744957
55101000400,2.485136312537626,0.01,0.08318191427528822,-0.07318191427528822
55101000300,2.267952867805926,0.01,0.08266307966415942,-0.07266307966415943
55101000200,2.430331820717045,0.01,0.08305099054287865,-0.07305099054287865
55101000100,2.447808108448017,0.01,0.08309274005541666,-0.07309274005541666
55101001701,3.028743158002813,0.01,0.08448054938360555,-0.07448054938360556
55101001703,2.15098121470787,0.11,0.08238364334605887,0.027616356653941132
55101001702,2.090988393628403,0.05,0.0822403250925256,-0.0322403250925256
55101001202,2.412607318496953,0.0,0.08300864806494175,-0.08300864806494175
55107960500,0.519841689103016,0.01,0.07848697598032352,-0.06848697598032352
55107960400,1.64045856556337,0.1,0.08116404384818486,0.018835956151815145
55107960100,1.890421049802894,0.19,0.08176118507350898,0.10823881492649103
55107960300,1.993809070428818,0.04,0.08200817113427017,-0.04200817113427017
55107960200,2.394298761722443,0.2,0.08296491032541851,0.1170350896745815
55133204400,3.058636168258811,0.08,0.08455196149501579,-0.0045519614950157855
55133200300,1.929743443480169,0.28,0.08185512325953143,0.1981448767404686
55133203405,2.741740827496494,0.12,0.08379492280315759,0.036205077196842406
55133201202,2.202425653919315,0.03,0.08250654017019747,-0.05250654017019747
55133201102,2.175214965872647,0.05,0.08244153592105372,-0.03244153592105371
55133201101,1.958574181909753,0.05,0.08192399768492857,-0.03192399768492857
55133201000,2.137315044487015,0.07,0.08235099591236097,-0.012350995912360968
55133200101,2.024505497422494,0.01,0.08208150254671728,-0.07208150254671729
55133202001,3.057664076802561,0.39,0.08454963924299834,0.30545036075700166
55131420105,0.969453076457745,0.05,0.07956106314016871,-0.02956106314016871
55131420106,1.812014579007134,0.06,0.08157387802146569,-0.021573878021465695
55131420402,1.317294163479202,0.01,0.08039202884909899,-0.070392028849099
55131450105,1.893059891883899,0.2,0.08176748906507988,0.11823251093492013
55131450106,1.964499092298136,0.18,0.08193815184194145,0.09806184815805855
55131450104,2.530816951494724,0.24,0.08329104182218158,0.1567089581778184
55131400103,1.874374528888466,0.48,0.08172285116436184,0.39827714883563814
55131450103,1.769754142333246,0.18,0.08147292107580661,0.09852707892419338
55131400104,1.207644145366243,0.46,0.08013008335607034,0.37986991664392966
55131440200,2.817089537521695,0.05,0.08397492509897381,-0.033974925098973804
55121100300,4.853951601370974,0.17,0.0888408325263367,0.08115916747366331
55121100200,4.819518558385699,0.16,0.08875857462454628,0.07124142537545372
55121100400,4.692945295094604,0.11,0.08845620079527,0.02154379920473
55121100600,5.084494197010384,0.13,0.08939158112554492,0.040608418874455085
55121100500,5.195813300718736,0.19,0.08965751393619298,0.10034248606380702
55101001100,2.429425252538495,0.01,0.08304882482095191,-0.07304882482095192
55101001001,2.600130180899836,0.01,0.08345662581717213,-0.07345662581717213
55101000904,3.362652448797996,0.01,0.08527823309866049,-0.0752782330986605
55101000901,2.75559976279171,0.02,0.08382803073785047,-0.06382803073785047
55101000800,2.899300548611043,0.03,0.0841713209063142,-0.0541713209063142
55101000903,3.156165122029187,0.01,0.0847849506939198,-0.0747849506939198
55101980000,2.377172354084882,0.01,0.0829239966496195,-0.0729239966496195
55101002100,2.975972594127402,0.21,0.08435448454923859,0.1256455154507614
55133203403,2.027890459903057,0.07,0.08208958896276275,-0.012089588962762743
55133202600,2.331712960392501,0.03,0.08281539764071404,-0.05281539764071404
55133203200,2.44660466045302,0.12,0.08308986511035227,0.03691013488964773
55133201900,2.46644603938509,0.27,0.08313726464458103,0.18686273535541897
55133203306,2.12424442336883,0.14,0.0823197711998446,0.057680228800155414
55133201201,2.061893636789726,0.02,0.08217081994737548,-0.06217081994737547
55133204100,2.397456046173817,0.37,0.08297245283609457,0.28702754716390544
55133203406,2.599857616203397,0.38,0.0834559746809934,0.2965440253190066
55131470202,1.642241473656425,0.03,0.0811683030790313,-0.05116830307903131
55131460101,2.362971176023952,0.25,0.0828900711231784,0.1671099288768216
55131410100,2.178937162845423,0.28,0.08245042796446568,0.19754957203553436
55131420104,1.889636245580785,0.29,0.08175931023634589,0.2082406897636541
55131400102,1.032759989541655,0.05,0.07971229850560935,-0.029712298505609344
55131420300,0.615843656440526,0.01,0.0787163173256212,-0.06871631732562121
55131420103,1.6920511212439,0.25,0.08128729451122096,0.16871270548877904
55131460102,1.94855775678265,0.13,0.08190006921265418,0.048099930787345826
55101001602,2.480606845605191,0.03,0.08317109372578725,-0.05317109372578725
55101001601,2.292918140559922,0.2,0.08272271978818935,0.11727728021181066
55101001502,2.446313563406913,0.08,0.08308916970180995,-0.003089169701809946
55101001501,2.507685535116978,0.06,0.08323578264054354,-0.023235782640543545
55101001400,2.577622062483267,0.02,0.08340285564661273,-0.06340285564661273
55101001201,2.381447480696492,0.04,0.08293420959957892,-0.04293420959957892
55101002600,3.927696875144062,0.13,0.0866280809453779,0.04337191905462211
55101002402,4.182498191582194,0.04,0.08723678177012353,-0.04723678177012353
55131420200,1.552672493820165,0.02,0.08095432964804554,-0.060954329648045535
55131470100,1.873464779942418,0.33,0.08172067784382522,0.2482793221561748
55131430100,2.519160272102297,0.3,0.08326319490812653,0.21673680509187346
55123960500,4.441044176639413,0.26,0.08785442832132263,0.1721455716786774
55123960400,4.663678736364881,0.01,0.08838628522856384,-0.07838628522856385
55123960100,4.633266480539328,0.2,0.08831363267926712,0.1116863673207329
55123960300,4.64711861736519,0.18,0.08834672437293754,0.09165327562706245
55123960200,4.575588581692517,0.27,0.08817584459760243,0.1818241554023976
55123960700,3.998804716370112,0.12,0.08679795213052419,0.03320204786947581
55123960600,4.135671971588271,0.3,0.0871249175178957,0.2128750824821043
55039041800,2.242799163008282,0.11,0.08260298939041294,0.02739701060958706
55039041600,2.35743624373068,0.07,0.08287684859395868,-0.01287684859395867
55039041500,2.290844780908952,0.05,0.08271776669082241,-0.03271776669082241
55039041300,2.443675645911625,0.04,0.08308286791900349,-0.04308286791900349
55039041100,2.019310719259138,0.05,0.08206909261965487,-0.03206909261965486
55039041000,1.78000133122221,0.0,0.08149740082502939,-0.08149740082502939
55039040900,1.409445310358859,0.01,0.08061217087933266,-0.07061217087933266
55067960700,3.995740199798934,0.01,0.086790631235207,-0.076790631235207
55067960600,4.286552971039979,0.0,0.08748536066665391,-0.08748536066665391
55067960400,4.07659787157261,0.07,0.08698379401860101,-0.016983794018601006
55067960500,3.364568242816567,0.29,0.08528280978380265,0.20471719021619733
55067960100,3.639208032594837,0.22,0.08593890320154052,0.13406109679845948
55067960300,4.125705531368112,0.11,0.08710110845573465,0.022898891544265346
55101002401,3.082547993059801,0.07,0.0846090850125902,-0.014609085012590187
55039040800,1.556376185466335,0.01,0.08096317748364992,-0.07096317748364993
55039040700,2.354402453380415,0.04,0.08286960110122935,-0.042869601101229345
55039040500,1.202413579614529,0.02,0.08011758793520102,-0.060117587935201014
55039040400,1.878288163729208,0.01,0.0817322005381744,-0.0717322005381744
55039040300,2.023611248129404,0.01,0.08207936625366417,-0.07207936625366418
55039040200,2.047066415283755,0.01,0.08213539885110512,-0.07213539885110512
55039040100,1.643141022206309,0.0,0.08117045203160292,-0.08117045203160292
55039042000,2.162876350600466,0.27,0.08241205991442477,0.18758794008557525
55039041400,2.684957563315567,0.54,0.0836592719351721,0.45634072806482795
55039042100,2.473780136167296,0.5,0.08315478523993156,0.4168452147600684
55039041900,2.663564531098532,0.45,0.08360816562011708,0.36639183437988293
55039042200,2.621824101879595,0.33,0.08350845093243033,0.2464915490675697
55039041700,2.45438505547816,0.45,0.08310845187801444,0.36689154812198554
55033970500,4.873024003666838,0.02,0.08888639503429256,-0.06888639503429256
55033970400,4.467521838200498,0.17,0.08791768142634919,0.08208231857365082
55033970200,4.512997223830628,0.14,0.08802631863876881,0.051973681361231205
55033970300,4.241254529550443,0.13,0.08737714616023057,0.04262285383976944
55141011200,1.237333734357887,0.05,0.08020100950966406,-0.030201009509664062
55141011600,2.378289140081803,0.13,0.08292666456580962,0.047073335434190386
55141011700,1.09958991202373,0.03,0.0798719500706059,-0.049871950070605894
55141010600,3.252873154799679,0.01,0.0850159787754455,-0.07501597877544551
55141010300,2.78926955843558,0.01,0.08390846530021435,-0.07390846530021436
55141010200,0.794310031677031,0.07,0.07914265982382492,-0.009142659823824908
55025000503,8.633563902550415,0.01,0.09787003675929556,-0.08787003675929557
55025012300,7.490437193203062,0.1,0.0951391946251363,0.004860805374863705
55025012201,7.469725948435702,0.02,0.09508971704806711,-0.0750897170480671
55025012001,7.809937427868852,0.08,0.09590245620897003,-0.01590245620897003
55025011900,6.893665914627665,0.54,0.09371355375902425,0.4462864462409758
55025011506,8.560974389732387,0.03,0.09769662597422629,-0.0676966259742263
55025012002,7.841804533776471,0.39,0.09597858428365734,0.29402141571634266
55025011200,8.382209408414687,0.2,0.09726957012897072,0.10273042987102929
55025002402,9.757287168380174,0.01,0.10055452555338118,-0.09055452555338118
55137960800,3.588123956144052,0.2,0.08581686725642988,0.11418313274357013
55137960300,3.950011330918229,0.37,0.08668138847072102,0.28331861152927895
55137960100,2.503461448960553,0.26,0.08322569162232135,0.17677430837767866
55137960200,3.062812972778024,0.22,0.08456193956102889,0.1354380604389711
55103970300,5.38100254123994,0.01,0.09009991684452585,-0.08009991684452586
55103970400,5.53683236111998,0.01,0.09047218234616024,-0.08047218234616024
55103970100,4.857182817752633,0.11,0.08884855165473032,0.021151448345269677
55103970500,5.91530932033875,0.18,0.0913763348067682,0.0886236651932318
55103970200,5.217066006525405,0.26,0.08970828502220397,0.17029171497779605
55025011503,7.705232670418773,0.04,0.09565232456481063,-0.055652324564810625
55025002500,9.317873392071622,0.04,0.09950479970509048,-0.059504799705090476
55025002100,8.873266807685106,0.01,0.09844266863612042,-0.08844266863612042
55025012400,7.856438581751169,0.28,0.09601354390316044,0.18398645609683958
55025011700,7.302453742476337,0.26,0.09469011656268575,0.16530988343731426
55025011600,8.45222610269921,0.05,0.09743683464766602,-0.047436834647666015
55025010901,8.765690327777676,0.03,0.09818567666701186,-0.06818567666701186
55025012800,7.279448124888464,0.15,0.09463515790471931,0.055364842095280684
55025010600,8.78170919197046,0.2,0.09822394450636977,0.10177605549363024
55025003100,9.451202019860439,0.01,0.09982331158262608,-0.08982331158262609
55137960700,2.417369332427419,0.25,0.08302002415140568,0.1669799758485943
55137960600,3.358743295878582,0.1,0.08526889443181462,0.014731105568185382
55137960400,4.036842823639931,0.37,0.08688882225470787,0.28311117774529215
55025003002,10.996096483608541,0.02,0.10351394610278472,-0.08351394610278472
55025002900,9.987046563135397,0.01,0.10110340314567777,-0.09110340314567777
55025002800,9.728379595471838,0.01,0.10048546757630056,-0.09048546757630056
55025002700,9.841954020904028,0.01,0.10075678817776759,-0.0907567881777676
55025002000,8.803848845896455,0.01,0.0982768344434891,-0.0882768344434891
55025001502,9.144411638395553,0.01,0.09909041286439263,-0.08909041286439263
55025013100,8.162238947266973,0.37,0.09674407754913625,0.2732559224508637
55025013000,8.596204053769558,0.1,0.09778078694268089,0.0022192130573191193
55025012100,7.577334101319101,0.31,0.09534678468148879,0.21465321531851123
55129950200,1.810618693036224,0.11,0.08157054335681944,0.028429456643180556
55129950300,2.618879952278121,0.12,0.0835014175845825,0.036498582415417494
55129950100,2.217177833054355,0.2,0.08254178199599266,0.11745821800400735
55129950500,2.880064529901202,0.12,0.08412536753127994,0.03587463246872005
55129950600,1.884231247975898,0.09,0.08174639811114248,0.008253601888857515
55139002201,0.915965992464452,0.18,0.07943328659413246,0.10056671340586754
55139001803,1.36573152811214,0.03,0.0805077420024403,-0.050507742002440306
55139001801,1.912326508503408,0.04,0.08181351553617625,-0.041813515536176245
55139002202,1.280001999189333,0.4,0.080302940725548,0.319697059274452
55139001804,1.097884737579046,0.05,0.07986787653949026,-0.02986787653949026
55139001700,0.967633986649833,0.14,0.07955671747397734,0.06044328252602267
55139001600,0.88688007049696,0.12,0.07936380255481275,0.04063619744518725
55139001200,0.465646863104817,0.01,0.07835750869285736,-0.06835750869285737
55139001100,0.950683602483349,0.01,0.07951622430476564,-0.06951622430476564
55139000900,0.779524831671455,0.02,0.07910733911369974,-0.05910733911369974
55139000800,0.826962415691091,0.01,0.07922066386774866,-0.06922066386774867
55139000700,0.569259665988816,0.01,0.07860503174121261,-0.06860503174121262
55139000500,0.706712498382409,0.01,0.0789333960275954,-0.0689333960275954
55025000406,8.65874338879012,0.02,0.09793018862293203,-0.07793018862293202
55025013700,8.918620388479573,0.04,0.09855101486611904,-0.05855101486611904
55025012501,8.071347465417341,0.05,0.09652694476215688,-0.04652694476215688
55025011401,9.486534718469315,0.06,0.09990771869277905,-0.03990771869277905
55025010903,8.305309067432194,0.05,0.09708586110566733,-0.04708586110566733
55025010501,9.468713296428156,0.03,0.0998651446808146,-0.0698651446808146
55025001704,10.061639789778663,0.01,0.10128160064957183,-0.09128160064957183
55139000400,0.628289636327421,0.01,0.07874604981808955,-0.06874604981808956
55139000300,1.500737992431846,0.13,0.08083026210290983,0.04916973789709017
55139000200,0.559603839850501,0.01,0.07858196471229709,-0.06858196471229709
55139000100,0.852408288485033,0.01,0.07928145210845544,-0.06928145210845545
55139003600,0.455767397064413,0.04,0.07833390740534871,-0.038333907405348706
55139003500,0.012544566579899,0.01,0.0772750820184417,-0.0672750820184417
55025001605,9.741632845299108,0.01,0.10051712857481183,-0.09051712857481184
55025000901,9.376490808139238,0.01,0.09964483222141964,-0.08964483222141964
55025000407,8.835020006294451,0.01,0.09835129995767002,-0.08835129995767002
55025013301,7.48964734399325,0.03,0.09513730773588408,-0.06513730773588408
55025013302,7.471477116227392,0.02,0.0950939004537652,-0.0750939004537652
55025010904,8.135896356841853,0.25,0.09668114711870576,0.15331885288129424
55025012502,8.110048928308661,0.11,0.09661939959210095,0.013380600407899054
55025011402,8.493055029004163,0.13,0.09753437182472113,0.03246562817527887
55025001804,9.253207142839887,0.01,0.09935031698973087,-0.08935031698973088
55007990000,2.255792593873728,0.05,0.08263402970132903,-0.03263402970132903
55007960100,1.711077690032901,0.08,0.08133274752644021,-0.0013327475264402061
55007960600,1.63729763057087,0.06,0.08115649261664572,-0.02115649261664572
55007960400,1.399104689095172,0.09,0.08058746792732449,0.009412532072675506
55007960300,1.558990510916213,0.03,0.08096942290686727,-0.050969422906867276
55007960200,1.723768349536911,0.11,0.08136306453976903,0.028636935460230967
55139003300,0.335809376274205,0.01,0.07804733688361601,-0.06804733688361601
55139003200,0.357815524682724,0.01,0.07809990788628189,-0.0680999078862819
55139003702,0.361667217669803,0.12,0.07810910928575139,0.041890890714248605
55139003400,0.52386135184897,0.01,0.07849657864667887,-0.06849657864667888
55139002400,0.068818664197533,0.11,0.07740951652651454,0.03259048347348546
55139003100,0.27166302213118,0.02,0.07789409615779438,-0.05789409615779438
55139002900,0.095161745014152,0.0,0.07747244812845275,-0.07747244812845275
55139003000,0.113409898255247,0.01,0.07751604156856214,-0.06751604156856214
55025010502,8.982197184956403,0.04,0.09870289496230972,-0.05870289496230972
55025001102,9.37016439819908,0.01,0.09962971891273628,-0.08962971891273629
55025000405,8.910774278564153,0.01,0.0985322711106184,-0.0885322711106184
55025000408,9.399885493999959,0.01,0.09970072033368355,-0.08970072033368355
55025991703,9.716560821546587,0.01,0.10045723343082459,-0.0904572334308246
55078940101,1.504826603057657,0.01,0.0808400294804681,-0.07084002948046811
55078940102,2.513876594849529,0.09,0.08325057260795003,0.006749427392049964
55139002700,0.151609593278285,0.0,0.07760729771350909,-0.07760729771350909
55139002800,0.028937849911535,0.02,0.07731424431643823,-0.05731424431643822
55139002300,0.492715844538687,0.39,0.07842217441575923,0.3115778255842408
55139001900,2.141545409652815,0.39,0.08236110193065552,0.3076388980693445
55139002000,0.934805967544803,0.54,0.0794782938512766,0.46052170614872345
55025991702,9.182572083050163,0.1,0.09918157524321639,0.00081842475678362
55025002602,8.899994515429023,0.01,0.09850651908232183,-0.08850651908232184
55025001402,9.390194417276621,0.01,0.09967756909382093,-0.08967756909382094
55025002603,10.12823443603126,0.0,0.10144069015768056,-0.10144069015768056
55025011302,8.074069430846425,0.01,0.0965334473290383,-0.08653344732903831
55025011301,7.661850452311047,0.07,0.09554868776924533,-0.02554868776924532
55025011504,8.930439669590271,0.03,0.0985792502232222,-0.0685792502232222
55025012202,7.7963912636931,0.01,0.09587009546052029,-0.0858700954605203
55075990000,2.668928380959197,0.05,0.08362097944651185,-0.03362097944651185
55075961400,3.126684643553386,0.01,0.08471452408932856,-0.07471452408932856
55075961300,2.962461844132148,0.01,0.08432220840255299,-0.07432220840255299
55075961200,2.696176480674958,0.0,0.083686073069267,-0.083686073069267
55075961500,2.999951886062907,0.01,0.08441176924062874,-0.07441176924062874
55075961100,2.625272013371163,0.06,0.08351668772884058,-0.02351668772884058
55075960900,2.629741888514701,0.19,0.08352736591812318,0.10647263408187682
55075960800,2.462976123864759,0.06,0.08312897528223177,-0.023128975282231776
55075960100,2.793447693530284,0.08,0.08391844654487036,-0.003918446544870363
55075961000,2.637740261814626,0.2,0.08354647341918459,0.11645352658081543
55139001500,1.346785333516578,0.03,0.08046248099501176,-0.05046248099501176
55139001400,1.571901062564748,0.02,0.08100026522568353,-0.061000265225683525
55139001300,1.633765003612768,0.0,0.08114805344147592,-0.08114805344147592
55139001000,0.67738484362657,0.0,0.07886333450716339,-0.07886333450716339
55081950300,4.620148736031611,0.01,0.08828229539258325,-0.07828229539258326
55081950600,4.185497637123711,0.02,0.08724394721573592,-0.06724394721573591
55081950700,4.359390285993325,0.22,0.08765936343204042,0.13234063656795958
55081950100,3.981114257062091,0.25,0.0867556909784962,0.1632443090215038
55081950900,4.440716364788179,0.12,0.08785364520392357,0.03214635479607643
55081950400,4.601624918526044,0.01,0.08823804341166457,-0.07823804341166457
55081950800,4.395414539492715,0.24,0.08774542261384707,0.15225457738615292
55081950500,4.227945938525203,0.04,0.08734535295583701,-0.04734535295583701
55081950200,4.350048223902377,0.35,0.08763704596139672,0.26236295403860327
55025011505,8.484118107043363,0.01,0.09751302220281073,-0.08751302220281074
55025010300,10.803713853502918,0.01,0.10305435873781732,-0.09305435873781732
55025011102,8.740506503745873,0.01,0.0981255144407224,-0.0881255144407224
55025011101,8.976748754468495,0.01,0.09868987907927614,-0.08868987907927614
55025011000,9.322818177441032,0.0,0.09951661241852,-0.09951661241852
55025010800,8.527870766470022,0.03,0.0976175439543076,-0.06761754395430761
55025010400,10.209003994790168,0.02,0.10163364244583259,-0.08163364244583259
55075960700,2.700922636176499,0.2,0.08369741127115914,0.11630258872884087
55075960200,2.481799098533732,0.51,0.08317394192669553,0.4268260580733045
55075960600,1.94765198128856,0.14,0.08189790538438989,0.058102094615610125
55025010200,9.76903474261707,0.01,0.10058258960825625,-0.09058258960825626
55025010100,8.91044658323052,0.01,0.09853148827157095,-0.08853148827157095
55025003200,9.144851444533353,0.01,0.09909146352756247,-0.08909146352756248
55025003001,10.09727941689675,0.01,0.10136674098841962,-0.09136674098841963
55025002601,9.799207944625422,0.01,0.1006546710762975,-0.0906546710762975
55025002401,9.708103512461342,0.01,0.10043702956733094,-0.09043702956733095
55025002302,9.813815957305437,0.01,0.10068956849947615,-0.09068956849947615
55025002301,9.97055494677829,0.01,0.10106400593761665,-0.09106400593761665
55025002200,10.421400577975502,0.01,0.10214104161144663,-0.09214104161144664
55025001900,8.12380625669631,0.01,0.09665226479567571,-0.08665226479567571
55025001401,9.156261654145082,0.01,0.09911872164419339,-0.08911872164419339
55017011000,4.229160850203329,0.32,0.08734825528676216,0.23265174471323785
55017010900,4.266965859462498,0.32,0.08743856855765594,0.23256143144234406
55017010400,4.618600545743627,0.24,0.08827859688459148,0.1517214031154085
55017011100,3.898397127276982,0.37,0.08655808609236519,0.2834419139076348
55017011200,4.403999768487905,0.19,0.0877659320682057,0.1022340679317943
55017010800,4.553029968652604,0.2,0.08812195379925623,0.11187804620074378
55017010700,4.441653123519402,0.12,0.08785588304876775,0.032144116951232246
55017010200,4.557273262067135,0.01,0.08813209070214656,-0.07813209070214656
55017010300,3.557782720272865,0.01,0.08574438436836333,-0.07574438436836334
55017010500,1.876703238782906,0.03,0.08172841427389814,-0.05172841427389814
55017010100,5.066899073867695,0.02,0.08934954772431225,-0.06934954772431225
55025001300,9.320611115163649,0.01,0.09951133991582148,-0.08951133991582148
55025001200,9.32201108534505,0.01,0.0995146843373337,-0.0895146843373337
55025000800,9.163424937748061,0.01,0.09913583417994466,-0.08913583417994467
55025001000,9.179028932550295,0.0,0.09917311092811151,-0.09917311092811151
55025000700,8.983044619123582,0.01,0.09870491941761352,-0.08870491941761352
55025000501,8.830850918887146,0.01,0.09834134032724605,-0.08834134032724605
55025000504,8.487118348042635,0.01,0.09752018954871075,-0.08752018954871076
55025010702,8.499758192057907,0.25,0.09755038516772993,0.15244961483227007
55025000402,8.995108963723577,0.01,0.09873374021261838,-0.08873374021261839
55025000401,9.006442312636402,0.01,0.09876081471492787,-0.08876081471492787
55025000300,8.99878209720029,0.01,0.09874251504709698,-0.08874251504709699
55025000205,9.138576286484946,0.02,0.09907647265572213,-0.07907647265572212
55091950100,4.759515659179902,0.09,0.0886152322951413,0.0013847677048586943
55091950200,4.818182590404622,0.12,0.08875538309938745,0.031244616900612546
55025000204,9.208386389785177,0.01,0.0992432436443828,-0.08924324364438281
55025000202,9.541977946130862,0.01,0.1000401683161794,-0.0900401683161794
55025000201,9.320010534110093,0.01,0.09950990517369479,-0.0895099051736948
55025000100,8.890936964869521,0.0,0.09848488128793044,-0.09848488128793044
55025001403,10.230154317447434,0.05,0.10168416894634319,-0.05168416894634319
55025010701,8.964460223529244,0.0,0.09866052272028161,-0.09866052272028161
55025000600,8.929038510603057,0.01,0.09857590296174396,-0.08857590296174396
55079186200,1.849016525880932,0.01,0.08166227283784312,-0.07166227283784313
55079186100,1.937554413850846,0.01,0.08187378306935171,-0.07187378306935172
55079185400,2.020810853731945,0.01,0.08207267632598572,-0.07207267632598573
55079185500,1.966614119511476,0.01,0.08194320447992275,-0.07194320447992275
55079185600,1.923642195170863,0.01,0.08184054784473464,-0.07184054784473465
55079185700,2.028522869600363,0.01,0.08209109974108098,-0.07209109974108098
55079187200,2.064095057394497,0.11,0.08217607897255035,0.027823921027449655
55079003200,2.122398897527161,0.01,0.08231536237999383,-0.07231536237999384
55079180500,2.252991293688489,0.01,0.08262733760979296,-0.07262733760979297
55079100500,1.895563301022388,0.01,0.08177346951772657,-0.07177346951772658
55079005400,2.169380135938118,0.01,0.08242759695934407,-0.07242759695934407
55079006300,2.138133934798162,0.01,0.08235295217857945,-0.07235295217857945
55079008900,2.113915295871064,0.0,0.08229509570556268,-0.08229509570556268
55079004900,2.167452731142363,0.01,0.08242299253694471,-0.07242299253694472
55079004800,2.154460205298614,0.01,0.0823919543880561,-0.07239195438805611
55079003700,2.163272193180958,0.01,0.08241300555202422,-0.07241300555202422
55079120502,2.247346787422612,0.02,0.08261385331674712,-0.06261385331674711
55079003800,2.162457884736895,0.01,0.08241106023153519,-0.0724110602315352
55079019900,2.358288119979493,0.01,0.08287888366105521,-0.07287888366105522
55079080400,2.155185387702972,0.01,0.08239368679326418,-0.07239368679326419
55079170400,2.25310076316535,0.0,0.08262759912398678,-0.08262759912398678
55079007700,2.031371518354072,0.01,0.08209790494471976,-0.07209790494471977
55079160204,2.290334946399248,0.02,0.08271654873523694,-0.06271654873523694
55079150304,2.013361931645496,0.04,0.08205488142178008,-0.04205488142178008
55079120102,2.508410515833045,0.05,0.08323751456393375,-0.03323751456393374
55079018000,1.43290024405511,0.01,0.08066820291906009,-0.07066820291906009
55079150303,2.219222055868677,0.01,0.08254666548768899,-0.072546665487689
55079011300,1.737068505054465,0.01,0.08139483759238098,-0.07139483759238098
55079020000,1.879618173756759,0.01,0.0817353778302387,-0.0717353778302387
55079120400,2.179690727883315,0.04,0.08245222817361089,-0.04245222817361089
55079120501,2.308719173600639,0.0,0.08276046724561291,-0.08276046724561291
55079160100,2.134717435000441,0.07,0.08234479042229936,-0.012344790422299357
55079040100,2.238791300302066,0.07,0.08259341491344852,-0.012593414913448508
55079005200,2.169602725913288,0.01,0.08242812870974223,-0.07242812870974223
55079014800,1.835959701964275,0.01,0.0816310810857842,-0.0716310810857842
55079005500,2.158167941466469,0.01,0.08240081188571295,-0.07240081188571296
55079017400,1.40121780001386,0.01,0.08059251598742467,-0.07059251598742468
55079016000,1.693118808531593,0.01,0.08128984513435618,-0.07128984513435618
55079018500,1.874158592460174,0.01,0.08172233530877746,-0.07172233530877746
55079014600,1.709724583586858,0.01,0.08132951505880154,-0.07132951505880154
55079140202,2.278098177704337,0.02,0.08268731603227868,-0.06268731603227867
55003950800,1.584710034025717,0.09,0.0810308648772137,0.008969135122786298
55003940000,0.629547683681166,0.06,0.07874905519683915,-0.018749055196839157
55003950600,1.43511502369709,0.07,0.08067349385795142,-0.01067349385795141
55003950500,0.796090979893451,0.02,0.07914691437267622,-0.05914691437267622
55003950700,1.407251495930694,0.07,0.080606930024731,-0.010606930024730996
55003950400,0.634622843982181,0.01,0.07876117936599232,-0.06876117936599233
55003950300,0.425852632281121,0.01,0.07826244332403937,-0.06826244332403937
55003990000,1.629462251431357,0.15,0.08113777449614662,0.06886222550385337
55079120101,2.16035680403813,0.03,0.08240604091070877,-0.05240604091070877
55079000102,1.992928890267277,0.02,0.08200606845129449,-0.062006068451294485
55079160203,2.263634975258416,0.02,0.08265276454965541,-0.0626527645496554
55079187300,2.26451843429029,0.01,0.08265487506560112,-0.07265487506560113
55079186800,1.863073448409678,0.0,0.08169585374886919,-0.08169585374886919
55079060101,2.093930846686723,0.04,0.08224735438746181,-0.04224735438746181
55079005600,2.115026455196618,0.03,0.08229775018006596,-0.052297750180065966
55079005900,2.186328944095914,0.01,0.08246808636359175,-0.07246808636359175
55079050101,1.704415273099107,0.01,0.08131683152279041,-0.07131683152279042
55079013000,2.316391928335655,0.01,0.08277879686886826,-0.07277879686886826
55079003100,2.139756820825843,0.01,0.08235682912897095,-0.07235682912897096
55079003600,2.152248277538385,0.01,0.0823866702620918,-0.0723866702620918
55079130100,1.504349181283941,0.01,0.08083888895642578,-0.07083888895642579
55079140201,2.18683782302305,0.01,0.08246930203636367,-0.07246930203636368
55079180100,2.244165224259879,0.02,0.0826062528060896,-0.0626062528060896
55079170100,2.196699137811939,0.02,0.08249285996192302,-0.06249285996192301
55079101800,2.800186633329654,0.01,0.08393454535578364,-0.07393454535578364
55079060102,2.155545028379437,0.01,0.08239454594728833,-0.07239454594728834
55079000101,1.797455945217095,0.01,0.0815390985606723,-0.07153909856067231
55079187400,1.436570314342538,0.01,0.08067697043581416,-0.07067697043581417
55079980000,1.818703390575957,0.02,0.08158985707987648,-0.06158985707987648
55079016900,1.520711492411475,0.01,0.08087797726419947,-0.07087797726419948
55079003500,2.149000549691359,0.01,0.08237891168907237,-0.07237891168907237
55079003300,2.109483348192237,0.02,0.08228450812208767,-0.06228450812208766
55079000600,2.264558557019086,0.03,0.08265497091572643,-0.052654970915726435
55079001300,2.150740489960356,0.01,0.08238306827307888,-0.07238306827307889
55079002500,2.146264033634117,0.01,0.08237237436185499,-0.072372374361855
55079001000,2.126307816510201,0.01,0.08232470048798363,-0.07232470048798363
55079180400,2.270178422727126,0.02,0.08266839634436732,-0.06266839634436731
55079018300,1.833095464396639,0.01,0.08162423864166318,-0.07162423864166319
55079021500,2.221426647634238,0.02,0.08255193208852404,-0.06255193208852404
55079002400,2.150846526834542,0.0,0.08238332158704786,-0.08238332158704786
55079021800,2.281843323525762,0.01,0.08269626289873196,-0.07269626289873196
55079140100,1.698014165263237,0.02,0.0813015397665568,-0.06130153976655679
55079120201,4.222665641104311,0.01,0.08733273872981992,-0.07733273872981992
55053960100,3.799362244579263,0.47,0.08632149934462237,0.3836785006553776
55053960200,4.622589568866016,0.12,0.08828812635523343,0.03171187364476656
55053960500,4.224983697312569,0.0,0.08733827638851611,-0.08733827638851611
55053960300,4.461631591725363,0.16,0.08790361007876948,0.07209638992123052
55053960400,4.37488306904048,0.35,0.08769637450384428,0.2623036254961557
55105001304,9.41680686444793,0.01,0.09974114419134444,-0.08974114419134445
55105001201,10.879404900917503,0.25,0.10323517885143045,0.14676482114856954
55105000100,10.547282349351955,0.01,0.10244176351951374,-0.09244176351951375
55105001303,8.783495237846287,0.21,0.09822821123313888,0.11177178876686111
55079019000,1.800306133052788,0.01,0.08154590744106004,-0.07154590744106004
55079035100,2.121114041293961,0.03,0.08231229295688502,-0.052312292956885026
55079035200,2.007107693337545,0.01,0.08203994052559703,-0.07203994052559703
55079130200,1.450175165120723,0.01,0.08070947138206117,-0.07070947138206117
55079001500,1.800594961345397,0.01,0.08154659742972406,-0.07154659742972407
55079019300,2.434526940486047,0.01,0.08306101236262038,-0.07306101236262039
55079000900,2.195246722343417,0.04,0.08248939025263768,-0.042489390252637683
55079000303,2.222181928042496,0.01,0.08255373639555764,-0.07255373639555765
55079000302,2.954848272380772,0.01,0.08430402016291158,-0.07430402016291159
55079001100,2.134261140287154,0.01,0.08234370036918587,-0.07234370036918587
55079004300,2.167976982417287,0.01,0.08242424493307782,-0.07242424493307782
55079019700,6.433476327933183,0.01,0.09261419609134791,-0.08261419609134792
55079185100,2.149087508854892,0.05,0.08237911942785214,-0.03237911942785214
55079002800,2.142649503699368,0.01,0.08236373952674854,-0.07236373952674854
55079001400,2.4439470811199,0.01,0.08308351635692152,-0.07308351635692152
55079000502,1.37964777180178,0.01,0.0805409868424971,-0.0705409868424971
55079020200,1.988687097553763,0.01,0.08199593513346391,-0.07199593513346392
55079180200,2.223212568623666,0.01,0.0825561985169491,-0.07255619851694911
55029100100,3.13449107375812,0.09,0.08473317305304023,0.005266826946959763
55029100400,2.806125915212278,0.1,0.08394873384519526,0.016051266154804747
55029100800,2.986930917957001,0.01,0.08438066314535478,-0.07438066314535478
55029100500,3.079736452704592,0.06,0.08460236845807256,-0.024602368458072565
55029101000,2.553136365629036,0.06,0.08334436119266724,-0.023344361192667237
55029100900,2.97870711844642,0.03,0.08436101711834594,-0.05436101711834594
55029100600,3.053522170498006,0.06,0.08453974454614652,-0.02453974454614652
55029100300,2.684781124280581,0.07,0.08365885043583443,-0.013658850435834424
55029100700,2.963470870372638,0.01,0.08432461888894043,-0.07432461888894043
55105001202,9.394299345776076,0.14,0.09968737545352924,0.04031262454647078
55105000600,10.060933603761423,0.0,0.10127991362527726,-0.10127991362527726
55105000300,10.93520382855518,0.01,0.10336847821482374,-0.09336847821482375
55105003100,7.575014725273395,0.32,0.09534124386980204,0.22465875613019798
55105001100,11.176759058921983,0.02,0.10394553515472223,-0.08394553515472222
55079101000,2.334354153375412,0.01,0.08282170724840948,-0.07282170724840949
55079101300,2.506367164188436,0.01,0.08323263315339512,-0.07323263315339512
55079004000,2.156431744420619,0.01,0.08239666424397976,-0.07239666424397977
55079005100,2.169887456758858,0.01,0.08242880890991917,-0.07242880890991918
55079091100,2.214973183608777,0.02,0.08253651525736447,-0.06253651525736446
55079000301,2.49520467103989,0.01,0.08320596681241729,-0.0732059668124173
55079000304,2.318649637144615,0.01,0.08278419036225071,-0.07278419036225071
55079001600,1.824968119590712,0.01,0.0816048230375544,-0.0716048230375544
55079021300,2.12810634932626,0.01,0.08232899704509632,-0.07232899704509632
55079018900,1.663527923048452,0.01,0.08121915477588264,-0.07121915477588264
55079021000,2.180098817212792,0.01,0.08245320306775546,-0.07245320306775546
55079000400,1.913729705975298,0.01,0.0818168676674382,-0.07181686766743821
55079020600,2.048956690464806,0.02,0.08213991457369943,-0.062139914573699426
55079018700,1.220489950650101,0.01,0.08016077100078157,-0.07016077100078158
55079017900,1.457641143911993,0.01,0.08072730703342793,-0.07072730703342793
55105001000,11.59335068037772,0.03,0.10494074062346556,-0.07494074062346556
55105000900,11.102052228314658,0.01,0.1037670662596612,-0.0937670662596612
55105000800,10.434699602019615,0.01,0.10217281196105521,-0.09217281196105521
55105000700,9.71232226603164,0.0,0.10044710784641339,-0.10044710784641339
55105000500,9.772232861119823,0.02,0.10059022966835278,-0.08059022966835278
55105000400,10.46892879683967,0.01,0.10225458288519565,-0.09225458288519565
55105000200,10.744678727793282,0.0,0.10291332834515393,-0.10291332834515393
55105003002,8.70479307315691,0.36,0.09804019779103673,0.26195980220896325
55105003001,11.742159116365125,0.01,0.1052962325768858,-0.09529623257688581
55105002900,8.955792307084954,0.52,0.09863981573194175,0.42136018426805827
55105002601,10.608053000478257,0.05,0.10258693994943965,-0.05258693994943965
55079019600,4.096672904944926,0.01,0.08703175173538735,-0.07703175173538736
55079019200,2.017260202442676,0.0,0.0820641940920696,-0.0820641940920696
55079185200,2.147485740251858,0.01,0.08237529292537032,-0.07237529292537033
55079120202,3.336897598320343,0.01,0.08521670673393798,-0.07521670673393799
55079080200,2.196082742429061,0.01,0.08249138744057513,-0.07249138744057514
55079000501,1.868004936284234,0.04,0.08170763469560223,-0.04170763469560223
55079070200,2.273193014633418,0.01,0.0826755979734848,-0.0726755979734848
55079160202,2.331374183246689,0.04,0.08281458832806626,-0.04281458832806626
55079019800,2.858334327881513,0.01,0.08407345574339684,-0.07407345574339684
55079019400,3.059355384020121,0.01,0.08455367964637074,-0.07455367964637075
55079020300,2.004833119392974,0.01,0.08203450674269763,-0.07203450674269764
55079170700,1.934571757584508,0.01,0.08186665773203151,-0.07186665773203152
55079016800,1.178990772011349,0.01,0.08006163264224878,-0.07006163264224878
55079017500,1.290184357300133,0.01,0.0803272655990084,-0.0703272655990084
55105002500,10.582272144441724,0.01,0.10252535145942926,-0.09252535145942926
55105002400,9.318715695754806,0.04,0.09950681190406105,-0.05950681190406105
55105002300,10.780941027325355,0.01,0.10299995620069606,-0.09299995620069607
55105002200,10.590350999713747,0.19,0.10254465122575632,0.08745534877424369
55105002000,11.102970647686412,0.0,0.10376926029318058,-0.10376926029318058
55105001900,10.383334313171096,0.01,0.10205010422106994,-0.09205010422106995
55105001800,10.67876510409513,0.01,0.10275586574775492,-0.09275586574775492
55079004100,2.158312992950635,0.02,0.08240115840259629,-0.06240115840259629
55079007800,2.104021223794452,0.01,0.08227145952535249,-0.0722714595253525
55079010700,1.906774995457896,0.01,0.08180025339680966,-0.07180025339680966
55079014100,1.77175682414945,0.0,0.0814777053292409,-0.0814777053292409
55079021100,2.187809128128997,0.01,0.0824716224098505,-0.0724716224098505
55079006000,2.171930745732175,0.01,0.0824336901707409,-0.0724336901707409
55079012300,2.071126720359455,0.01,0.08219287707668078,-0.07219287707668079
55079100900,2.07473936682052,0.02,0.0822015074123129,-0.062201507412312895
55079009200,2.17604083224746,0.01,0.08244350885255386,-0.07244350885255386
55079020100,1.439182368947265,0.01,0.08068321043415641,-0.07068321043415642
55079019100,2.160688578403377,0.0,0.08240683349425025,-0.08240683349425025
55079015800,1.612569800092656,0.01,0.08109741972402228,-0.07109741972402228
55079100400,2.356570124815369,0.01,0.08287477950222302,-0.07287477950222303
55105001700,11.414549710349071,0.01,0.1045135988039366,-0.0945135988039366
55105001600,10.573278252526197,0.01,0.10250386574066146,-0.09250386574066147
55105001500,10.35545964614645,0.01,0.10198351377701495,-0.09198351377701496
55079012200,2.019947644484755,0.01,0.08207061418522428,-0.07207061418522429
55079004500,2.145629506929459,0.01,0.08237085852616839,-0.0723708585261684
55079018200,1.974645194123183,0.01,0.08196239010191277,-0.07196239010191277
55079100300,2.3407815290707,0.01,0.0828370617565469,-0.0728370617565469
55079100700,2.920540422911204,0.0,0.08422206133883917,-0.08422206133883917
55079101400,1.961157680865556,0.01,0.08193016946601318,-0.07193016946601319
55079100600,2.446594112957405,0.01,0.08308983991319328,-0.07308983991319329
55079020700,2.038438171038401,0.01,0.08211478663660923,-0.07211478663660924
55079150301,2.228377392298984,0.11,0.0825685368850344,0.027431463114965596
55021970500,6.632020826195344,0.03,0.09308850368728308,-0.06308850368728308
55021970200,6.85448407015839,0.31,0.0936199513342923,0.2163800486657077
55021971100,5.914582434493583,0.48,0.09137459833217053,0.38862540166782944
55021971200,5.562893712470889,0.07,0.09053444091798805,-0.020534440917988048
55021970400,7.049863648405278,0.07,0.0940866981787742,-0.024086698178774194
55021970300,6.545295786264475,0.26,0.09288132421085822,0.1671186757891418
55021971000,6.946687165141427,0.49,0.09384021746456522,0.39615978253543477
55021970900,7.779215991861057,0.31,0.09582906505190411,0.2141709349480959
55021970800,7.630807385639151,0.12,0.09547452826116286,0.024525471738837137
55021970700,7.729409519666164,0.25,0.09571008120548406,0.15428991879451592
55045960400,7.514691894482596,0.03,0.09519713724835033,-0.06519713724835033
55045960600,7.352321664688734,0.01,0.09480924720848996,-0.08480924720848997
55045960500,7.170352229077894,0.01,0.09437453616742,-0.08437453616742001
55045960800,9.364047888775378,0.1,0.09961510704030636,0.0003848929596936418
55079018100,1.815875367194295,0.0,0.08158310114867141,-0.08158310114867141
55079006200,2.145495570207849,0.01,0.08237053856160131,-0.07237053856160132
55079101100,2.315682507913203,0.01,0.08277710211782742,-0.07277710211782742
55079007600,2.057880288605003,0.01,0.08216123236602314,-0.07216123236602315
55079018400,1.724292660124264,0.01,0.08136431707759499,-0.071364317077595
55079180300,2.230177758917989,0.01,0.08257283782296185,-0.07257283782296185
55079160300,2.369975369048587,0.17,0.08290680360372588,0.08709319639627414
55079007100,2.096893338481958,0.01,0.08225443155340532,-0.07225443155340533
55079019500,3.445038084417863,0.01,0.08547504607062636,-0.07547504607062637
55079101600,1.911861462831164,0.0,0.0818124045776922,-0.0818124045776922
55079170600,2.121340603581488,0.01,0.08231283419683308,-0.07231283419683308
55099970600,3.089578357546087,0.09,0.08462588001475457,0.0053741199852454236
55099970500,2.682753222450538,0.02,0.08365400593371919,-0.06365400593371918
55099970400,2.394488372156475,0.1,0.08296536329021945,0.01703463670978056
55099970700,3.193104278400552,0.07,0.08487319550859726,-0.014873195508597253
55099970200,2.100473910012339,0.01,0.08226298526448528,-0.07226298526448528
55099970100,2.168872037681466,0.23,0.08242638315153412,0.14757361684846587
55013970700,1.395166959539164,0.07,0.08057806099308305,-0.010578060993083047
55013970400,1.333814540340748,0.11,0.08043149476380188,0.029568505236198125
55013970900,1.337898475643754,0.12,0.08044125097237213,0.03955874902762786
55013970600,1.647388485108731,0.14,0.0811805988950804,0.05881940110491961
55013970800,1.853005063747947,0.07,0.08167180114924716,-0.011671801149247152
55013971000,1.605543906092686,0.05,0.08108063540150723,-0.031080635401507226
55079000202,2.33757874938029,0.03,0.08282941056123015,-0.05282941056123015
55079008000,2.020931692627523,0.01,0.08207296500084983,-0.07207296500084984
55079007000,2.098470221653555,0.03,0.0822581986064979,-0.0522581986064979
55079008700,2.081015444928641,0.01,0.08221650048210541,-0.07221650048210541
55079091300,2.899270969547687,0.0,0.08417125024419787,-0.08417125024419787
55079012700,2.97707123365699,0.01,0.08435710911490846,-0.07435710911490846
55079003900,2.158292283375688,0.01,0.08240110892900829,-0.07240110892900829
55079004700,2.149870565039905,0.01,0.08238099008908852,-0.07238099008908852
55079100200,2.153639507597378,0.01,0.08238999380412117,-0.07238999380412117
55079030100,2.154739978767153,0.05,0.08239262274543911,-0.03239262274543911
55079006400,2.121467812953812,0.01,0.08231313809027811,-0.07231313809027812
55079009000,2.128569441073545,0.01,0.08233010333580332,-0.07233010333580332
55079020400,1.701472841972083,0.01,0.08130980228024641,-0.07130980228024641
55079012400,2.178267336323361,0.01,0.08244882780021962,-0.07244882780021962
55079070300,2.339549163429106,0.02,0.08283411772944016,-0.06283411772944016
55079007500,2.119917323591192,0.01,0.08230943408997317,-0.07230943408997317
55079008500,2.05067061682001,0.01,0.08214400901245882,-0.07214400901245882
55079015700,1.381041849004946,0.01,0.08054431718613576,-0.07054431718613577
55079170300,2.238698879103617,0.01,0.08259319412628577,-0.07259319412628577
55079060200,2.127893039409315,0.03,0.08232848746404632,-0.05232848746404632
55079004400,2.164981788352053,0.0,0.08241708964391657,-0.08241708964391657
55079091200,2.309629856612225,0.01,0.08276264279756054,-0.07276264279756055
55079090100,1.917905407234188,0.01,0.08182684309784691,-0.07182684309784691
55111001001,5.07125453751507,0.04,0.08935995259329553,-0.04935995259329553
55111000401,6.161443763292433,0.01,0.09196433113472513,-0.08196433113472514
55111001002,5.137361976059281,0.03,0.0895178781995137,-0.05951787819951371
55111000402,6.564899494761178,0.1,0.09292815596862472,0.007071844031375285
55111000800,6.636813512067988,0.37,0.09309995304666711,0.27690004695333287
55111000700,6.189399116802879,0.01,0.09203111433261335,-0.08203111433261336
55111000300,5.70966517494613,0.03,0.09088506669773945,-0.06088506669773945
55111000600,5.755577430864549,0.4,0.09099474755980932,0.3090052524401907
55111000500,6.038549560343198,0.5,0.09167074629875424,0.40832925370124573
55111000100,6.231502318062076,0.38,0.09213169565491247,0.28786830434508753
55111000200,5.081703778778477,0.43,0.08938491503016169,0.3406150849698383
55079090200,1.82970175444399,0.01,0.08161613132857704,-0.07161613132857704
55079090800,2.172182801287684,0.01,0.08243429231215313,-0.07243429231215313
55079170200,2.260604592086181,0.01,0.08264552519641337,-0.07264552519641337
55079091000,2.185585858606546,0.02,0.08246631118928513,-0.062466311189285126
55079090300,2.133641060318972,0.04,0.08234221904564595,-0.04234221904564595
55079002300,2.168543350874822,0.02,0.08242559794393362,-0.06242559794393361
55079002200,2.189817441775765,0.0,0.08247642011729653,-0.08247642011729653
55079110100,1.70033276337809,0.02,0.08130707871982631,-0.06130707871982631
55079017200,1.701711905313223,0.01,0.08131037338425384,-0.07131037338425385
55079012900,2.753423737725844,0.01,0.08382283238067251,-0.07382283238067251
55079016600,0.377608970728187,0.01,0.07814719291251666,-0.06814719291251667
55079016500,1.114196514064645,0.02,0.0799068441238758,-0.0599068441238758
55079005300,2.158265561119026,0.01,0.0824010450915843,-0.0724010450915843
55079090900,2.211618687007348,0.0,0.08252850162197027,-0.08252850162197027
55079002700,2.149281314410372,0.01,0.08237958241447682,-0.07237958241447683
55079002600,2.153777820028223,0.01,0.0823903242219224,-0.0723903242219224
55079017100,1.585734542071743,0.01,0.0810333123484485,-0.07103331234844851
55079090600,2.255140486853081,0.01,0.08263247186761437,-0.07263247186761437
55079100800,2.404642669178032,0.02,0.08298962112788738,-0.06298962112788738
55079010800,1.924599800743954,0.01,0.08184283549108698,-0.07184283549108698
55079170500,2.171237468161556,0.0,0.0824320339837364,-0.0824320339837364
55135100900,1.354305143374437,0.03,0.08048044524467261,-0.050480445244672614
55135100400,3.394742406377222,0.2,0.08535489354891868,0.11464510645108134
55135100300,4.831479165164176,0.17,0.08878714759784286,0.08121285240215716
55135101000,3.238828286117785,0.0,0.08498242666013613,-0.08498242666013613
55135100600,3.275371123932612,0.2,0.08506972470014383,0.11493027529985618
55135100500,3.629833501374033,0.11,0.08591650816463303,0.02408349183536697
55135101100,2.892492997691886,0.02,0.08415505818869203,-0.06415505818869202
55079091400,2.527014882177508,0.01,0.08328195896985774,-0.07328195896985774
55079012500,2.162941763794617,0.01,0.08241221618153431,-0.07241221618153432
55079021600,2.193967364212439,0.02,0.08248633396407389,-0.06248633396407388
55079009800,2.075950561247874,0.01,0.08220440086301073,-0.07220440086301073
55079001200,2.138578652304094,0.01,0.0823540145746315,-0.0723540145746315
55079000201,1.947366322907466,0.02,0.08189722296840163,-0.061897222968401625
55079003000,2.115525869345854,0.01,0.08229894324220857,-0.07229894324220858
55079000700,2.049349957556124,0.01,0.08214085405865255,-0.07214085405865256
55079000800,2.122728179210347,0.01,0.08231614900870883,-0.07231614900870884
55079050102,1.960612432849794,0.04,0.08192886691027476,-0.04192886691027476
55079150100,2.28777677240247,0.07,0.08271043745353931,-0.012710437453539308
55135100800,1.939045699918717,0.19,0.08187734563752104,0.10812265436247896
55135100700,3.123775923252181,0.13,0.08470757537936485,0.04529242462063515
55135101200,2.379372745849706,0.13,0.08292925321697454,0.04707074678302546
55135100200,3.335522731012308,0.37,0.0852134222812671,0.2847865777187329
55135100100,2.726462898065713,0.1,0.0837584250001834,0.0162415749998166
55079186500,1.156771942864615,0.01,0.08000855356159267,-0.07000855356159268
55079186600,1.259100460916855,0.01,0.0802530085518734,-0.0702530085518734
55079185300,2.213231081463117,0.02,0.08253235350880021,-0.06253235350880021
55079186300,1.599412750976818,0.01,0.08106598854164072,-0.07106598854164073
55079101700,2.3802201009166,0.01,0.08293127748331383,-0.07293127748331384
55079101500,2.351787935869273,0.01,0.08286335521919234,-0.07286335521919235
55079006600,2.107371913289323,0.0,0.08227946406586077,-0.08227946406586077
55079013500,1.942374283795616,0.01,0.08188529736940149,-0.0718852973694015
55079090700,2.26422270528534,0.0,0.08265416859166398,-0.08265416859166398
55079021700,2.181474151534874,0.02,0.08245648863608711,-0.062456488636087104
55079012800,2.403165658079609,0.02,0.08298609266152647,-0.06298609266152647
55079003400,2.386230496362318,0.02,0.0829456358575797,-0.0629456358575797
55079120203,2.705215712698225,0.01,0.08370766710207869,-0.0737076671020787
55079080300,2.179394241028798,0.01,0.08245151988922919,-0.0724515198892292
55079020800,2.034224661773384,0.01,0.08210472088577034,-0.07210472088577034
55117010502,2.636898688442563,0.06,0.08354446296487132,-0.023544462964871324
55117011400,2.752203228882534,0.01,0.08381991667854853,-0.07381991667854854
55117010601,2.827928636912614,0.01,0.08400081887703972,-0.07400081887703973
55117010501,2.344297749048788,0.03,0.08284546173669836,-0.052845461736698365
55117000201,2.829823379749137,0.01,0.08400534527252071,-0.07400534527252071
55117010602,2.867458650361103,0.09,0.08409525305078994,0.00590474694921006
55117000202,2.958181743920579,0.0,0.08431198357104429,-0.08431198357104429
55087010200,0.302623639610342,0.01,0.0779680587010718,-0.06796805870107181
55087010100,0.390250411078307,0.01,0.07817739234505751,-0.06817739234505751
55097960701,7.523357465654582,0.0,0.09521783863401433,-0.09521783863401433
55097960702,7.527101346158183,0.01,0.09522678247772026,-0.08522678247772027
55097961000,6.332746078278078,0.01,0.09237355924182526,-0.08237355924182527
55097960900,6.939752062671249,0.01,0.09382365003605934,-0.08382365003605935
55097961100,4.73244605792035,0.1,0.08855056509152336,0.01144943490847665
55097960800,7.085769233482338,0.0,0.09417247387081105,-0.09417247387081105
55097960400,7.112631328273147,0.01,0.09423664535737215,-0.08423664535737216
55117001000,1.701389082567988,0.01,0.0813096021854468,-0.07130960218544681
55117000500,2.702767148998401,0.01,0.08370181767098328,-0.07370181767098329
55117000400,2.634880919638774,0.02,0.0835396426697795,-0.0635396426697795
55117000300,2.879865529879297,0.02,0.08412489213547292,-0.06412489213547291
55117011100,2.225489277460463,0.16,0.08256163739994248,0.07743836260005753
55117010900,2.234105429869933,0.11,0.08258222072796877,0.027417779272031234
55117000900,2.134439842820118,0.01,0.08234412727584679,-0.0723441272758468
55041950400,1.700044954314352,0.02,0.08130639116602198,-0.061306391166021976
55041950200,1.959775838370589,0.13,0.0819268683501551,0.048073131649844905
55041950300,1.574626043046059,0.02,0.08100677499529374,-0.061006774995293736
55041950100,2.138362299636074,0.2,0.08235349772468228,0.11764650227531773
55097960500,7.0060067175021,0.05,0.09398192733070812,-0.04398192733070812
55097960300,5.886684514593957,0.01,0.0913079523387786,-0.0813079523387786
55097960200,4.990216624330778,0.46,0.08916635922697978,0.3708336407730202
55097961200,4.580739669512846,0.22,0.08818815015178245,0.13181184984821753
55097960600,6.211420452135506,0.15,0.09208372161567746,0.057916278384322534
55097961300,4.20034681008122,0.3,0.08727942075234231,0.2127205792476577
55097960100,6.567063555069581,0.3,0.09293332574291371,0.20706667425708628
55117010200,3.308642092866187,0.05,0.08514920649605076,-0.03514920649605076
55117010400,2.85521944736762,0.21,0.08406601453247886,0.12593398546752113
55117010300,3.750883159466753,0.13,0.08620568652425155,0.043794313475748456
55117011000,2.42991982440522,0.06,0.08305000631525257,-0.023050006315252572
55117011200,2.297066420681281,0.1,0.08273262971160122,0.01726737028839878
55117011300,2.74083119411261,0.21,0.08379274975869014,0.12620725024130985
55071005300,6.903704655541096,0.0,0.09373753554200258,-0.09373753554200258
55071005200,6.177256296450014,0.01,0.09200210606504687,-0.08200210606504688
55117010800,2.531910664167043,0.05,0.08329365461796687,-0.033293654617966864
55117010700,2.735449987222562,0.03,0.08377989446768187,-0.053779894467681874
55117010100,3.779467579200167,0.16,0.08627397251315391,0.07372602748684609
55117001100,2.132188893677466,0.01,0.0823387499307893,-0.0723387499307893
55117000800,2.448771849716295,0.01,0.08309504235947475,-0.07309504235947475
55117000100,2.926822313910117,0.01,0.08423706829518245,-0.07423706829518245
55073000700,7.086837493060257,0.0,0.09417502586110377,-0.09417502586110377
55073000500,7.531215876074786,0.01,0.09523661177447856,-0.08523661177447857
55073000300,6.386430809576763,0.0,0.09250180795213242,-0.09250180795213242
55073000200,7.01568063692079,0.01,0.09400503758308434,-0.08400503758308435
55073000100,8.345070923808677,0.01,0.09718084913441113,-0.08718084913441114
55009021600,1.93257655187085,0.25,0.08186189133843348,0.16813810866156653
55009001701,1.593221548914816,0.04,0.08105119823422006,-0.041051198234220064
55009020503,1.516480997790414,0.05,0.08086787093664623,-0.030867870936646225
55071010500,5.693001308922206,0.06,0.09084525799842028,-0.030845257998420278
55071000600,5.53764491679717,0.01,0.09047412347942349,-0.0804741234794235
55071000500,5.283863786459486,0.01,0.08986785980111578,-0.07986785980111578
55071000300,5.97738623398313,0.0,0.09152463179777756,-0.09152463179777756
55071000200,6.109102553431596,0.0,0.09183929199420636,-0.09183929199420636
55071010700,6.008420605885135,0.01,0.09159877053472086,-0.08159877053472087
55071010200,3.856238035726332,0.17,0.08645737125244152,0.0835426287475585
55071010600,5.557041051782372,0.15,0.09052045935997313,0.05947954064002686
55071010400,4.515554147003952,0.18,0.08803242693234503,0.09196757306765496
55071010300,3.077939557862247,0.18,0.08459807581395358,0.09540192418604641
55071010100,4.905874040199299,0.14,0.08896487125494068,0.05103512874505933
55071005400,6.408037230478531,0.0,0.09255342403640765,-0.09255342403640765
55071005100,6.923041514702761,0.01,0.0937837298171509,-0.0837837298171509
55071000800,5.130076554733287,0.02,0.08950047388609907,-0.06950047388609906
55073001104,7.655217210308725,0.01,0.09553284146227174,-0.08553284146227175
55073001103,7.71466579451495,0.01,0.09567485957560859,-0.0856748595756086
55073000900,8.128079519638883,0.01,0.09666247329347258,-0.08666247329347258
55073000800,7.359854185835022,0.01,0.09482724182444506,-0.08482724182444507
55073001102,6.166264976408641,0.17,0.09197584864350858,0.07802415135649143
55073001400,7.481610434470998,0.05,0.09511810817473978,-0.04511810817473978
55073001300,7.192778735338899,0.05,0.09442811137279203,-0.044428111372792026
55073001000,8.373975893901523,0.01,0.09724990089356496,-0.08724990089356496
55009020703,1.370716898507254,0.05,0.08051965167038704,-0.030519651670387032
55009020203,1.887772162192747,0.33,0.08175485708393854,0.24824514291606148
55009020504,1.387860719969904,0.05,0.08056060694648012,-0.03056060694648012
55009020704,1.573938477653707,0.08,0.08100513245424551,-0.0010051324542455081
55009020204,1.723646789260927,0.14,0.08136277414158238,0.05863722585841763
55009001702,1.546677931809478,0.03,0.08094000909864296,-0.05094000909864296
55071000700,5.265391272504505,0.01,0.08982373038044911,-0.07982373038044911
55071000400,5.479381851204589,0.01,0.09033493747923253,-0.08033493747923254
55071000100,5.961536346178889,0.01,0.09148676763006668,-0.08148676763006668
55077960500,4.545699605036162,0.09,0.08810444212215272,0.0018955578778472731
55077960400,5.237987845965366,0.1,0.08975826569381244,0.010241734306187564
55077960200,4.075540168992156,0.13,0.08698126724816647,0.04301873275183353
55077960100,3.856986309426675,0.15,0.0864591588209867,0.06354084117901329
55077960300,4.612831489459051,0.07,0.08826481505109268,-0.018264815051092675
55127000702,10.217868655315113,0.06,0.10165481944070866,-0.04165481944070866
55127000701,10.076318051818935,0.03,0.10131666589309035,-0.07131666589309035
55127001701,6.211107806411229,0.15,0.09208297472899382,0.05791702527100617
55127001702,9.534624813833204,0.46,0.10002260224644076,0.35997739775355925
55073000602,7.129038453305957,0.01,0.09427584072213238,-0.08427584072213239
55073000601,7.305740820693587,0.0,0.09469796914072504,-0.09469796914072504
55073001202,5.672081652862559,0.09,0.09079528254274011,-0.0007952825427401111
55073000400,6.578936345330811,0.01,0.09296168892927817,-0.08296168892927817
55073001201,5.79715019124458,0.15,0.09109406169948497,0.05890593830051502
55073002000,6.18409567727866,0.16,0.09201844482188433,0.06798155517811567
55073001900,6.942590421877448,0.29,0.0938304306587574,0.19616956934124258
55073001500,5.975259752145461,0.21,0.09151955179557628,0.11848044820442372
55073002100,6.076135419258292,0.26,0.09176053603626506,0.16823946396373496
55073001700,5.73487410755614,0.45,0.0909452889064987,0.3590547110935013
55073001800,4.713957251196982,0.52,0.08850639674868119,0.4314936032513188
55073002300,6.650039153411652,0.47,0.09313154809062613,0.37686845190937385
55073002200,6.881560693868636,0.2,0.09368463531400696,0.10631536468599305
55069961000,2.312115769975053,0.0,0.08276858145413953,-0.08276858145413953
55009021400,1.524871710139074,0.39,0.08088791570563812,0.3091120842943619
55009020502,1.934321864104961,0.09,0.08186606075565311,0.008133939244346883
55009002003,1.373911726607212,0.02,0.08052728386996336,-0.06052728386996335
55009002001,1.56729430990608,0.03,0.08098926004650342,-0.05098926004650342
55127000502,9.436204722871226,0.02,0.09978748418905567,-0.07978748418905567
55127000301,9.42408670531122,0.41,0.09975853517346121,0.31024146482653875
55127000901,11.471482915736987,0.03,0.10464960786997865,-0.07464960786997865
55127000101,11.129750575291226,0.06,0.10383323548862913,-0.043833235488629135
55127000102,7.909634492678048,0.08,0.09614062485904769,-0.016140624859047686
55127000400,11.680485584667712,0.01,0.10514889923444483,-0.09514889923444483
55127000800,11.830827182225253,0.16,0.10550805379340124,0.054491946206598765
55127000600,10.150940508252956,0.39,0.10149493322471524,0.28850506677528476
55127001000,8.17832340816296,0.36,0.09678250209399278,0.26321749790600724
55069960900,2.370682123091608,0.01,0.08290849198499052,-0.07290849198499053
55069960800,2.441578121141465,0.0,0.0830778570930181,-0.0830778570930181
55069960600,4.068196335209446,0.16,0.0869637233918677,0.0730362766081323
55069960400,4.039064381784711,0.42,0.08689412938692309,0.3331058706130769
55069960300,3.296338538084839,0.08,0.08511981424624844,-0.005119814246248439
55069960200,3.09004030543389,0.01,0.0846269835728689,-0.0746269835728689
55069960100,2.484413790045793,0.13,0.08318018822440738,0.04681981177559262
55069960700,3.530343864086305,0.14,0.08567883504301324,0.05432116495698677
55069960500,3.255853334148475,0.08,0.08502309819559946,-0.005023098195599457
55009001802,1.33863293305032,0.11,0.08044300553484994,0.02955699446515006
55009001801,1.234760326284866,0.06,0.08019486183492537,-0.020194861834925373
55009940003,1.551367114448379,0.01,0.08095121119673092,-0.07095121119673092
55009001400,1.748976543453069,0.02,0.08142328498384527,-0.061423284983845264
55009001300,1.810584356596156,0.01,0.08157046132969463,-0.07157046132969463
55009001100,1.686958138064487,0.0,0.08127512776457671,-0.08127512776457671
55009001000,1.747217527696831,0.01,0.08141908282996109,-0.0714190828299611
55009000900,1.654987441719086,0.03,0.08119875222026958,-0.05119875222026958
55009000800,1.876670767052947,0.0,0.08172833670142292,-0.08172833670142292
55009000700,1.835347419206605,0.0,0.08162961838918285,-0.08162961838918285
55009000600,1.746304148239342,0.01,0.08141690083641077,-0.07141690083641078
55009000500,1.730221828335948,0.02,0.08137848140622155,-0.06137848140622154
55009000402,1.68930674644939,0.01,0.08128073841008232,-0.07128073841008233
55009000401,1.718774103397308,0.0,0.08135113366834867,-0.08135113366834867
55009000303,2.022203056996077,0.01,0.0820760021929276,-0.0720760021929276
55009000200,1.640200977327137,0.01,0.08116342848962223,-0.07116342848962223
55009000100,1.4917393434457,0.03,0.08080876501986477,-0.05080876501986477
55009020702,1.40690538983888,0.29,0.0806061032037927,0.2093938967962073
55009010300,1.169489076403995,0.03,0.08003893381936383,-0.050038933819363834
55009010202,1.078280997496489,0.01,0.07982104470626758,-0.06982104470626758
55009020600,1.515977423548087,0.46,0.08086666793635992,0.3791333320636401
55009002002,1.571990169754534,0.01,0.08100047809593346,-0.07100047809593346
55009001600,1.671551747167612,0.01,0.0812383230770014,-0.07123832307700141
55009021303,1.896417177549756,0.05,0.08177550936333533,-0.03177550936333533
55009021304,1.403512684357678,0.02,0.0805979982903119,-0.0605979982903119
55009021302,1.416709382447087,0.01,0.08062952419105383,-0.07062952419105384
55009021301,1.662699609447738,0.0,0.0812171759981473,-0.0812171759981473
55009010201,1.062200789723842,0.01,0.07978263032179689,-0.06978263032179689
55009940002,1.322713075929532,0.05,0.08040497421580214,-0.03040497421580214
55009000302,1.881112218239898,0.02,0.08173894698805077,-0.06173894698805077
55009940004,1.773748055686293,0.01,0.08148246222883497,-0.07148246222883498
55009021200,1.579773305616218,0.02,0.08101907141124415,-0.061019071411244144
55009021000,1.779271514033889,0.03,0.08149565734767748,-0.051495657347677484
55009020900,2.295126613296772,0.0,0.08272799566036748,-0.08272799566036748
55009020800,2.013773210223668,0.03,0.08205586393479544,-0.05205586393479544
55009010100,1.28939768674009,0.01,0.08032538630330696,-0.07032538630330697
55027962000,3.273211980771142,0.01,0.08506456667254216,-0.07506456667254216
55027961300,3.029066323004954,0.01,0.08448132140003813,-0.07448132140003813
55027961200,3.224729522250602,0.04,0.08494874579335798,-0.04494874579335798
55027961400,3.103424627309796,0.21,0.084658957692463,0.125341042307537
55027960500,4.115869045724578,0.08,0.0870776098451014,-0.007077609845101404
55027961900,3.347082540272449,0.01,0.08524103777999731,-0.07524103777999731
55027961700,3.254471172179225,0.22,0.08501979631654177,0.13498020368345823
55027961100,3.282889481750753,0.12,0.08508768548099305,0.03491231451900695
55027960300,3.07416193231243,0.02,0.08458905135591743,-0.06458905135591743
55027960100,3.067312588247344,0.18,0.0845726887976714,0.0954273112023286
55027961800,3.817794275655378,0.38,0.08636553205479282,0.2936344679452072
55027960200,3.232101243013063,0.28,0.08496635626951499,0.19503364373048504
55027961000,2.94200000743815,0.01,0.084273326642264,-0.074273326642264
55027960900,3.118694596056431,0.01,0.08469543647797262,-0.07469543647797262
55027960800,3.019955776263974,0.01,0.0844595570018292,-0.0744595570018292
55027960700,2.595482686001068,0.01,0.08344552330790166,-0.07344552330790166
55027960600,3.244618130500638,0.24,0.08499625815480914,0.15500374184519083
55087012505,0.813951138515028,0.04,0.07918958092336369,-0.039189580923363686
55087012503,1.088775026876476,0.03,0.07984611413851304,-0.049846114138513045
55087012504,1.196614756557171,0.01,0.08010373499116247,-0.07010373499116247
55087012901,1.440778271407506,0.26,0.0806870229228725,0.1793129770771275
55087012601,0.473391715270411,0.08,0.07837601055135099,0.001623989448649013
55089610101,1.828480960233176,0.17,0.08161321494473195,0.08838678505526806
55089610102,2.976732780123493,0.16,0.08435630057534572,0.07564369942465428
55089660201,1.429657637025937,0.11,0.0806604565792822,0.029339543420717804
55089660202,1.209415640012992,0.03,0.08013431532106795,-0.05013431532106795
55089660100,0.800551112547504,0.01,0.0791575692878978,-0.0691575692878978
55027960400,3.2364476558092,0.21,0.08497673951670803,0.12502326048329196
55027961600,3.131119388295907,0.27,0.08472511835477445,0.18527488164522557
55027961500,3.09662199813061,0.12,0.08464270673250057,0.03535729326749942
55109120903,5.90379200229113,0.05,0.09134882081628948,-0.041348820816289475
55109120501,6.084074186018309,0.1,0.09177950114186906,0.008220498858130948
55109120901,6.013812947812456,0.01,0.0916116524264801,-0.08161165242648011
55109120201,5.288680435711086,0.01,0.08987936640717632,-0.07987936640717633
55109120502,6.272636749973229,0.01,0.09222996266145614,-0.08222996266145614
55005001002,3.9627670081755,0.11,0.0867118608064814,0.023288139193518603
55005001001,4.168863082459938,0.09,0.08720420853901062,0.0027957914609893775
55005000600,4.248840849662866,0.03,0.08739526929779425,-0.057395269297794246
55005000200,4.320817680265996,0.13,0.08756721643198945,0.04243278356801056
55005000500,4.374799843726234,0.01,0.08769617568494441,-0.07769617568494441
55005000300,4.460686187768609,0.16,0.0879013515811438,0.0720986484188562
55005000900,4.346365197525088,0.33,0.08762824749353654,0.24237175250646348
55005000100,6.105133761492573,0.2,0.09182981085431158,0.10817018914568843
55005000800,3.958733525448761,0.21,0.08670222512525069,0.1232977748747493
55005000400,4.557815311600554,0.06,0.0881333856169557,-0.028133385616955706
55087012902,1.304185366913332,0.22,0.0803607129383627,0.1396392870616373
55087012602,0.696266896099185,0.36,0.07890844228397412,0.2810915577160259
55087012506,0.152632736568417,0.04,0.07760974192444663,-0.037609741924446626
55087013100,2.151358059065783,0.35,0.08238454359836003,0.26761545640164
55087940000,1.390954411320379,0.41,0.08056799753810998,0.32943200246189
55087011900,1.217400720654379,0.03,0.08015339106698645,-0.05015339106698645
55089650102,1.32856582992138,0.01,0.08041895599671157,-0.07041895599671158
55089630202,1.187959429492235,0.04,0.0800830580778854,-0.040083058077885404
55089630100,1.401289400125008,0.0,0.08059268703460495,-0.08059268703460495
55089640200,1.255340675521879,0.12,0.08024402671260042,0.039755973287399576
55089630201,1.864750442083893,0.07,0.08169985995828309,-0.011699859958283085
55089660303,1.924859495707951,0.03,0.08184345588246085,-0.05184345588246085
55089640100,1.764100166360967,0.01,0.08145941416035764,-0.07145941416035764
55089620100,1.366751633748541,0.13,0.08051017895665578,0.04948982104334422
55089650300,1.682327214166099,0.05,0.08126406484215666,-0.03126406484215666
55089650200,1.040799642436146,0.01,0.07973150462045976,-0.06973150462045977
55089650101,1.112789325048871,0.01,0.0799034824571213,-0.0699034824571213
55089660304,1.841164895607269,0.01,0.08164351589462954,-0.07164351589462954
55089660301,1.517492031441999,0.05,0.080870286218585,-0.030870286218584994
55109120904,5.689273865014646,0.18,0.09083635342048307,0.08916364657951692
55109120202,5.678076569817728,0.01,0.09080960394007787,-0.08080960394007787
55109120100,5.523264958352716,0.01,0.09043977086034244,-0.08043977086034244
55109120400,5.867601976830229,0.12,0.0912623656179665,0.0287376343820335
55109120300,5.657251424490851,0.01,0.09075985426329786,-0.08075985426329786
55109121000,5.51728220474813,0.1,0.0904254785203174,0.009574521479682602
55109120800,4.828531796784345,0.19,0.08878010656058012,0.10121989343941988
55109120700,5.319014914015865,0.28,0.0899518331519344,0.19004816684806564
55109120600,5.796733591552529,0.28,0.0910930664747362,0.18890693352526383
55087011800,0.61705403614243,0.01,0.07871920883000236,-0.06871920883000236
55087011700,0.270635795773144,0.01,0.07789164219272042,-0.06789164219272042
55087012400,0.941962771750333,0.02,0.07949539090824376,-0.05949539090824375
55087012300,0.113769599444625,0.0,0.07751690086714699,-0.07751690086714699
55087012200,2.209207149181728,0.01,0.0825227406428518,-0.0725227406428518
55087012700,0.605152538322857,0.28,0.07869077706348031,0.2013092229365197
55087012100,1.706518207438055,0.01,0.08132185527182122,-0.07132185527182122
55087012000,0.912726573150168,0.01,0.07942554786956123,-0.06942554786956123
55087011600,0.845632175602719,0.01,0.07926526449389483,-0.06926526449389483
55087011502,0.976599847041443,0.01,0.07957813622758199,-0.069578136227582
55087011501,0.806664285719626,0.01,0.07917217319027829,-0.0691721731902783
55087011400,0.847200539887198,0.01,0.0792690111960187,-0.0692690111960187
55087011300,0.656722149976083,0.01,0.07881397291499291,-0.06881397291499292
55087011200,0.501584472041518,0.01,0.07844336088744155,-0.06844336088744156
55087011102,0.088233488218883,0.01,0.07745589705373979,-0.06745589705373979
55087011101,0.71889342153009,0.02,0.07896249531981965,-0.05896249531981965
55115100500,2.423859314675345,0.01,0.08303552822180107,-0.07303552822180108
55115100300,2.133116141321551,0.03,0.08234096505437495,-0.05234096505437495
55115100200,2.111509706802601,0.0,0.08228934893756933,-0.08228934893756933
55115100100,2.476027777594898,0.1,0.08316015468311119,0.016839845316888813
55115100900,2.891694859676469,0.19,0.08415315149811822,0.10584684850188178
55115100400,2.372670906224779,0.01,0.0829132430355358,-0.0729132430355358
55115100600,3.301170490263581,0.22,0.08513135740982956,0.13486864259017045
55115101100,2.237897744786998,0.18,0.08259128027777794,0.09740871972222205
55115101000,2.717631849020708,0.17,0.08373732830055795,0.08626267169944206
55115100800,4.357639163801435,0.18,0.08765518013527676,0.09234481986472323
55115100700,3.828024749401194,0.23,0.08638997187281915,0.14361002812718088
55065970400,7.618587240656298,0.15,0.09544533527097915,0.054554664729020846
55065970300,6.415831448901326,0.35,0.0925720438271078,0.25742795617289216
55065970200,6.521126592900861,0.21,0.0928235858595046,0.11717641414049539
55065970500,6.845932805121016,0.45,0.09359952301722693,0.3564004769827731
55065970100,7.062505099879792,0.25,0.09411689763789037,0.15588310236210962
55043960700,5.92182859606885,0.01,0.09139190885704836,-0.08139190885704836
55043961200,6.095971808225757,0.02,0.09180792364985066,-0.07180792364985066
55043960800,6.418841317031934,0.12,0.09257923417148706,0.02742076582851294
55043961100,6.077491115803466,0.1,0.09176377469145212,0.008236225308547881
55043960100,5.831462002103581,0.14,0.09117602998701328,0.04882397001298673
55043960300,5.985654420199081,0.1,0.09154438386122508,0.008455616138774921
55043960200,5.360846135595882,0.06,0.09005176473561621,-0.030051764735616215
55043960600,5.912513836401653,0.21,0.09136965660980337,0.11863034339019662
55043960500,5.601980665146839,0.19,0.09062781665349537,0.09937218334650463
55043960400,4.878123219094276,0.36,0.08889857666929989,0.2711014233307001
55043961000,6.794899213131886,0.0,0.0934776076756276,-0.0934776076756276
55043960900,6.55861065241347,0.02,0.0929131324060417,-0.07291313240604169
55087011000,0.233227142999758,0.01,0.07780227578710645,-0.06780227578710646
55087010900,0.114487997052409,0.01,0.07751861706399585,-0.06751861706399585
55087010700,0.213963229613488,0.01,0.07775625577382722,-0.06775625577382723
55087010602,0.717445982095287,0.01,0.07895903749789765,-0.06895903749789765
55087010601,0.741295984879139,0.0,0.07901601332740928,-0.07901601332740928
55087010500,0.517563298397038,0.01,0.07848153307947352,-0.06848153307947352
55087013300,1.321184187335427,0.3,0.08040132181807837,0.21959867818192164
55087010300,0.438990629431591,0.01,0.07829382899273522,-0.06829382899273523
